"Phage","Host","EOP","EOP_bin"
"8-1","37-1",0,"[0,2.22e-16)"
"8-2","37-1",0,"[0,2.22e-16)"
"8-3","37-1",0,"[0,2.22e-16)"
"8-4","37-1",0,"[0,2.22e-16)"
"8-5","37-1",0,"[0,2.22e-16)"
"8-6","37-1",0,"[0,2.22e-16)"
"8-7","37-1",0,"[0,2.22e-16)"
"8-8","37-1",0,"[0,2.22e-16)"
"8-9","37-1",0,"[0,2.22e-16)"
"8-10","37-1",0,"[0,2.22e-16)"
"8-11","37-1",0,"[0,2.22e-16)"
"15-1","37-1",0,"[0,2.22e-16)"
"15-2","37-1",0,"[0,2.22e-16)"
"15-3","37-1",0,"[0,2.22e-16)"
"15-4","37-1",0,"[0,2.22e-16)"
"15-5","37-1",0,"[0,2.22e-16)"
"15-6","37-1",0,"[0,2.22e-16)"
"15-7","37-1",0,"[0,2.22e-16)"
"15-8","37-1",0,"[0,2.22e-16)"
"15-9","37-1",0,"[0,2.22e-16)"
"15-10","37-1",0,"[0,2.22e-16)"
"15-11","37-1",0,"[0,2.22e-16)"
"22-1","37-1",0,"[0,2.22e-16)"
"22-2","37-1",0,"[0,2.22e-16)"
"22-3","37-1",0,"[0,2.22e-16)"
"22-4","37-1",0,"[0,2.22e-16)"
"22-5","37-1",0,"[0,2.22e-16)"
"22-6","37-1",0,"[0,2.22e-16)"
"22-7","37-1",0,"[0,2.22e-16)"
"22-8","37-1",0,"[0,2.22e-16)"
"22-9","37-1",0,"[0,2.22e-16)"
"22-10","37-1",0,"[0,2.22e-16)"
"22-11","37-1",0,"[0,2.22e-16)"
"28-1","37-1",0,"[0,2.22e-16)"
"28-2","37-1",0,"[0,2.22e-16)"
"28-3","37-1",0,"[0,2.22e-16)"
"28-4","37-1",0,"[0,2.22e-16)"
"28-5","37-1",0,"[0,2.22e-16)"
"28-6","37-1",0,"[0,2.22e-16)"
"28-7","37-1",0,"[0,2.22e-16)"
"28-8","37-1",0,"[0,2.22e-16)"
"28-9","37-1",0,"[0,2.22e-16)"
"28-10","37-1",0,"[0,2.22e-16)"
"28-11","37-1",0,"[0,2.22e-16)"
"8-1","37-2",0,"[0,2.22e-16)"
"8-2","37-2",0,"[0,2.22e-16)"
"8-3","37-2",0,"[0,2.22e-16)"
"8-4","37-2",0,"[0,2.22e-16)"
"8-5","37-2",0,"[0,2.22e-16)"
"8-6","37-2",0,"[0,2.22e-16)"
"8-7","37-2",0,"[0,2.22e-16)"
"8-8","37-2",0,"[0,2.22e-16)"
"8-9","37-2",0,"[0,2.22e-16)"
"8-10","37-2",0,"[0,2.22e-16)"
"8-11","37-2",0,"[0,2.22e-16)"
"15-1","37-2",0,"[0,2.22e-16)"
"15-2","37-2",0,"[0,2.22e-16)"
"15-3","37-2",0,"[0,2.22e-16)"
"15-4","37-2",0,"[0,2.22e-16)"
"15-5","37-2",0,"[0,2.22e-16)"
"15-6","37-2",0,"[0,2.22e-16)"
"15-7","37-2",0,"[0,2.22e-16)"
"15-8","37-2",0,"[0,2.22e-16)"
"15-9","37-2",0,"[0,2.22e-16)"
"15-10","37-2",0,"[0,2.22e-16)"
"15-11","37-2",0,"[0,2.22e-16)"
"22-1","37-2",0,"[0,2.22e-16)"
"22-2","37-2",0,"[0,2.22e-16)"
"22-3","37-2",0,"[0,2.22e-16)"
"22-4","37-2",0,"[0,2.22e-16)"
"22-5","37-2",0,"[0,2.22e-16)"
"22-6","37-2",0,"[0,2.22e-16)"
"22-7","37-2",0,"[0,2.22e-16)"
"22-8","37-2",0,"[0,2.22e-16)"
"22-9","37-2",0,"[0,2.22e-16)"
"22-10","37-2",0,"[0,2.22e-16)"
"22-11","37-2",0,"[0,2.22e-16)"
"28-1","37-2",0,"[0,2.22e-16)"
"28-2","37-2",0,"[0,2.22e-16)"
"28-3","37-2",0,"[0,2.22e-16)"
"28-4","37-2",0,"[0,2.22e-16)"
"28-5","37-2",0,"[0,2.22e-16)"
"28-6","37-2",0,"[0,2.22e-16)"
"28-7","37-2",0,"[0,2.22e-16)"
"28-8","37-2",0,"[0,2.22e-16)"
"28-9","37-2",0,"[0,2.22e-16)"
"28-10","37-2",0,"[0,2.22e-16)"
"28-11","37-2",0,"[0,2.22e-16)"
"8-1","37-3",0,"[0,2.22e-16)"
"8-2","37-3",0,"[0,2.22e-16)"
"8-3","37-3",0,"[0,2.22e-16)"
"8-4","37-3",0,"[0,2.22e-16)"
"8-5","37-3",0,"[0,2.22e-16)"
"8-6","37-3",0,"[0,2.22e-16)"
"8-7","37-3",0,"[0,2.22e-16)"
"8-8","37-3",0,"[0,2.22e-16)"
"8-9","37-3",0,"[0,2.22e-16)"
"8-10","37-3",0,"[0,2.22e-16)"
"8-11","37-3",0,"[0,2.22e-16)"
"15-1","37-3",0,"[0,2.22e-16)"
"15-2","37-3",0,"[0,2.22e-16)"
"15-3","37-3",0,"[0,2.22e-16)"
"15-4","37-3",0,"[0,2.22e-16)"
"15-5","37-3",0,"[0,2.22e-16)"
"15-6","37-3",0,"[0,2.22e-16)"
"15-7","37-3",0,"[0,2.22e-16)"
"15-8","37-3",0,"[0,2.22e-16)"
"15-9","37-3",0,"[0,2.22e-16)"
"15-10","37-3",0,"[0,2.22e-16)"
"15-11","37-3",0,"[0,2.22e-16)"
"22-1","37-3",0,"[0,2.22e-16)"
"22-2","37-3",0,"[0,2.22e-16)"
"22-3","37-3",0,"[0,2.22e-16)"
"22-4","37-3",0,"[0,2.22e-16)"
"22-5","37-3",0,"[0,2.22e-16)"
"22-6","37-3",0,"[0,2.22e-16)"
"22-7","37-3",0,"[0,2.22e-16)"
"22-8","37-3",0,"[0,2.22e-16)"
"22-9","37-3",0,"[0,2.22e-16)"
"22-10","37-3",0,"[0,2.22e-16)"
"22-11","37-3",0,"[0,2.22e-16)"
"28-1","37-3",0,"[0,2.22e-16)"
"28-2","37-3",0,"[0,2.22e-16)"
"28-3","37-3",0,"[0,2.22e-16)"
"28-4","37-3",0,"[0,2.22e-16)"
"28-5","37-3",0,"[0,2.22e-16)"
"28-6","37-3",0,"[0,2.22e-16)"
"28-7","37-3",0,"[0,2.22e-16)"
"28-8","37-3",0,"[0,2.22e-16)"
"28-9","37-3",0,"[0,2.22e-16)"
"28-10","37-3",0,"[0,2.22e-16)"
"28-11","37-3",0,"[0,2.22e-16)"
"8-1","37-4",0,"[0,2.22e-16)"
"8-2","37-4",0,"[0,2.22e-16)"
"8-3","37-4",0,"[0,2.22e-16)"
"8-4","37-4",0,"[0,2.22e-16)"
"8-5","37-4",0,"[0,2.22e-16)"
"8-6","37-4",0,"[0,2.22e-16)"
"8-7","37-4",0,"[0,2.22e-16)"
"8-8","37-4",0,"[0,2.22e-16)"
"8-9","37-4",0,"[0,2.22e-16)"
"8-10","37-4",0,"[0,2.22e-16)"
"8-11","37-4",0,"[0,2.22e-16)"
"15-1","37-4",0,"[0,2.22e-16)"
"15-2","37-4",0,"[0,2.22e-16)"
"15-3","37-4",0,"[0,2.22e-16)"
"15-4","37-4",0,"[0,2.22e-16)"
"15-5","37-4",0,"[0,2.22e-16)"
"15-6","37-4",0,"[0,2.22e-16)"
"15-7","37-4",0,"[0,2.22e-16)"
"15-8","37-4",0,"[0,2.22e-16)"
"15-9","37-4",0,"[0,2.22e-16)"
"15-10","37-4",0,"[0,2.22e-16)"
"15-11","37-4",0,"[0,2.22e-16)"
"22-1","37-4",0,"[0,2.22e-16)"
"22-2","37-4",0,"[0,2.22e-16)"
"22-3","37-4",0,"[0,2.22e-16)"
"22-4","37-4",0,"[0,2.22e-16)"
"22-5","37-4",0,"[0,2.22e-16)"
"22-6","37-4",0,"[0,2.22e-16)"
"22-7","37-4",0,"[0,2.22e-16)"
"22-8","37-4",0,"[0,2.22e-16)"
"22-9","37-4",0,"[0,2.22e-16)"
"22-10","37-4",0,"[0,2.22e-16)"
"22-11","37-4",0,"[0,2.22e-16)"
"28-1","37-4",0,"[0,2.22e-16)"
"28-2","37-4",0,"[0,2.22e-16)"
"28-3","37-4",0,"[0,2.22e-16)"
"28-4","37-4",0,"[0,2.22e-16)"
"28-5","37-4",0,"[0,2.22e-16)"
"28-6","37-4",0,"[0,2.22e-16)"
"28-7","37-4",0,"[0,2.22e-16)"
"28-8","37-4",0,"[0,2.22e-16)"
"28-9","37-4",0,"[0,2.22e-16)"
"28-10","37-4",0,"[0,2.22e-16)"
"28-11","37-4",0,"[0,2.22e-16)"
"8-1","37-5",0,"[0,2.22e-16)"
"8-2","37-5",0,"[0,2.22e-16)"
"8-3","37-5",0,"[0,2.22e-16)"
"8-4","37-5",0,"[0,2.22e-16)"
"8-5","37-5",0,"[0,2.22e-16)"
"8-6","37-5",0,"[0,2.22e-16)"
"8-7","37-5",0,"[0,2.22e-16)"
"8-8","37-5",0,"[0,2.22e-16)"
"8-9","37-5",0,"[0,2.22e-16)"
"8-10","37-5",0,"[0,2.22e-16)"
"8-11","37-5",0,"[0,2.22e-16)"
"15-1","37-5",0,"[0,2.22e-16)"
"15-2","37-5",0,"[0,2.22e-16)"
"15-3","37-5",0,"[0,2.22e-16)"
"15-4","37-5",0,"[0,2.22e-16)"
"15-5","37-5",0,"[0,2.22e-16)"
"15-6","37-5",0,"[0,2.22e-16)"
"15-7","37-5",0,"[0,2.22e-16)"
"15-8","37-5",0,"[0,2.22e-16)"
"15-9","37-5",0,"[0,2.22e-16)"
"15-10","37-5",0,"[0,2.22e-16)"
"15-11","37-5",0,"[0,2.22e-16)"
"22-1","37-5",0,"[0,2.22e-16)"
"22-2","37-5",0,"[0,2.22e-16)"
"22-3","37-5",0,"[0,2.22e-16)"
"22-4","37-5",0,"[0,2.22e-16)"
"22-5","37-5",0,"[0,2.22e-16)"
"22-6","37-5",0,"[0,2.22e-16)"
"22-7","37-5",0,"[0,2.22e-16)"
"22-8","37-5",0,"[0,2.22e-16)"
"22-9","37-5",0,"[0,2.22e-16)"
"22-10","37-5",0,"[0,2.22e-16)"
"22-11","37-5",0,"[0,2.22e-16)"
"28-1","37-5",0,"[0,2.22e-16)"
"28-2","37-5",0,"[0,2.22e-16)"
"28-3","37-5",0,"[0,2.22e-16)"
"28-4","37-5",0,"[0,2.22e-16)"
"28-5","37-5",0,"[0,2.22e-16)"
"28-6","37-5",0,"[0,2.22e-16)"
"28-7","37-5",0,"[0,2.22e-16)"
"28-8","37-5",0,"[0,2.22e-16)"
"28-9","37-5",0,"[0,2.22e-16)"
"28-10","37-5",0,"[0,2.22e-16)"
"28-11","37-5",0,"[0,2.22e-16)"
"8-1","37-6",0,"[0,2.22e-16)"
"8-2","37-6",0,"[0,2.22e-16)"
"8-3","37-6",0,"[0,2.22e-16)"
"8-4","37-6",0,"[0,2.22e-16)"
"8-5","37-6",0,"[0,2.22e-16)"
"8-6","37-6",0,"[0,2.22e-16)"
"8-7","37-6",0,"[0,2.22e-16)"
"8-8","37-6",0,"[0,2.22e-16)"
"8-9","37-6",0,"[0,2.22e-16)"
"8-10","37-6",0,"[0,2.22e-16)"
"8-11","37-6",0,"[0,2.22e-16)"
"15-1","37-6",0,"[0,2.22e-16)"
"15-2","37-6",0,"[0,2.22e-16)"
"15-3","37-6",0,"[0,2.22e-16)"
"15-4","37-6",0,"[0,2.22e-16)"
"15-5","37-6",0,"[0,2.22e-16)"
"15-6","37-6",0,"[0,2.22e-16)"
"15-7","37-6",0,"[0,2.22e-16)"
"15-8","37-6",0,"[0,2.22e-16)"
"15-9","37-6",0,"[0,2.22e-16)"
"15-10","37-6",0,"[0,2.22e-16)"
"15-11","37-6",0,"[0,2.22e-16)"
"22-1","37-6",0,"[0,2.22e-16)"
"22-2","37-6",0,"[0,2.22e-16)"
"22-3","37-6",0,"[0,2.22e-16)"
"22-4","37-6",0,"[0,2.22e-16)"
"22-5","37-6",0,"[0,2.22e-16)"
"22-6","37-6",0,"[0,2.22e-16)"
"22-7","37-6",0,"[0,2.22e-16)"
"22-8","37-6",0,"[0,2.22e-16)"
"22-9","37-6",0,"[0,2.22e-16)"
"22-10","37-6",0,"[0,2.22e-16)"
"22-11","37-6",0,"[0,2.22e-16)"
"28-1","37-6",0,"[0,2.22e-16)"
"28-2","37-6",0,"[0,2.22e-16)"
"28-3","37-6",0,"[0,2.22e-16)"
"28-4","37-6",0,"[0,2.22e-16)"
"28-5","37-6",0,"[0,2.22e-16)"
"28-6","37-6",0,"[0,2.22e-16)"
"28-7","37-6",0,"[0,2.22e-16)"
"28-8","37-6",0,"[0,2.22e-16)"
"28-9","37-6",0,"[0,2.22e-16)"
"28-10","37-6",0,"[0,2.22e-16)"
"28-11","37-6",0,"[0,2.22e-16)"
"8-1","37-7",0,"[0,2.22e-16)"
"8-2","37-7",0,"[0,2.22e-16)"
"8-3","37-7",0,"[0,2.22e-16)"
"8-4","37-7",0,"[0,2.22e-16)"
"8-5","37-7",0,"[0,2.22e-16)"
"8-6","37-7",0,"[0,2.22e-16)"
"8-7","37-7",0,"[0,2.22e-16)"
"8-8","37-7",0,"[0,2.22e-16)"
"8-9","37-7",0,"[0,2.22e-16)"
"8-10","37-7",0,"[0,2.22e-16)"
"8-11","37-7",0,"[0,2.22e-16)"
"15-1","37-7",0,"[0,2.22e-16)"
"15-2","37-7",0,"[0,2.22e-16)"
"15-3","37-7",0.032,"[2.22e-16,0.2)"
"15-4","37-7",0.2,"[0.2,0.4)"
"15-5","37-7",0.5,"[0.4,0.6)"
"15-6","37-7",0,"[0,2.22e-16)"
"15-7","37-7",0,"[0,2.22e-16)"
"15-8","37-7",0.1,"[2.22e-16,0.2)"
"15-9","37-7",0.02,"[2.22e-16,0.2)"
"15-10","37-7",0.02,"[2.22e-16,0.2)"
"15-11","37-7",0.5,"[0.4,0.6)"
"22-1","37-7",0.44,"[0.4,0.6)"
"22-2","37-7",0.03333333,"[2.22e-16,0.2)"
"22-3","37-7",0.58333333,"[0.4,0.6)"
"22-4","37-7",0.25,"[0.2,0.4)"
"22-5","37-7",0.2,"[0.2,0.4)"
"22-6","37-7",0.175,"[2.22e-16,0.2)"
"22-7","37-7",0.66666667,"[0.6,0.8)"
"22-8","37-7",0,"[0,2.22e-16)"
"22-9","37-7",0.00685714,"[2.22e-16,0.2)"
"22-10","37-7",0.16666667,"[2.22e-16,0.2)"
"22-11","37-7",0.7,"[0.6,0.8)"
"28-1","37-7",0.9,"[0.8,1)"
"28-2","37-7",0.36666667,"[0.2,0.4)"
"28-3","37-7",0.3,"[0.2,0.4)"
"28-4","37-7",0.125,"[2.22e-16,0.2)"
"28-5","37-7",0.175,"[2.22e-16,0.2)"
"28-6","37-7",0.0192,"[2.22e-16,0.2)"
"28-7","37-7",0.088,"[2.22e-16,0.2)"
"28-8","37-7",0.03333333,"[2.22e-16,0.2)"
"28-9","37-7",0.056,"[2.22e-16,0.2)"
"28-10","37-7",0.11428571,"[2.22e-16,0.2)"
"28-11","37-7",0.00872727,"[2.22e-16,0.2)"
"8-1","37-8",0,"[0,2.22e-16)"
"8-2","37-8",0,"[0,2.22e-16)"
"8-3","37-8",0,"[0,2.22e-16)"
"8-4","37-8",0,"[0,2.22e-16)"
"8-5","37-8",0,"[0,2.22e-16)"
"8-6","37-8",0,"[0,2.22e-16)"
"8-7","37-8",0,"[0,2.22e-16)"
"8-8","37-8",0,"[0,2.22e-16)"
"8-9","37-8",0,"[0,2.22e-16)"
"8-10","37-8",0,"[0,2.22e-16)"
"8-11","37-8",0,"[0,2.22e-16)"
"15-1","37-8",0,"[0,2.22e-16)"
"15-2","37-8",0,"[0,2.22e-16)"
"15-3","37-8",0,"[0,2.22e-16)"
"15-4","37-8",0,"[0,2.22e-16)"
"15-5","37-8",0,"[0,2.22e-16)"
"15-6","37-8",0,"[0,2.22e-16)"
"15-7","37-8",0,"[0,2.22e-16)"
"15-8","37-8",0,"[0,2.22e-16)"
"15-9","37-8",0,"[0,2.22e-16)"
"15-10","37-8",0,"[0,2.22e-16)"
"15-11","37-8",0,"[0,2.22e-16)"
"22-1","37-8",0,"[0,2.22e-16)"
"22-2","37-8",0,"[0,2.22e-16)"
"22-3","37-8",0,"[0,2.22e-16)"
"22-4","37-8",0,"[0,2.22e-16)"
"22-5","37-8",0,"[0,2.22e-16)"
"22-6","37-8",0,"[0,2.22e-16)"
"22-7","37-8",0,"[0,2.22e-16)"
"22-8","37-8",0,"[0,2.22e-16)"
"22-9","37-8",0,"[0,2.22e-16)"
"22-10","37-8",0,"[0,2.22e-16)"
"22-11","37-8",0,"[0,2.22e-16)"
"28-1","37-8",0,"[0,2.22e-16)"
"28-2","37-8",0,"[0,2.22e-16)"
"28-3","37-8",0,"[0,2.22e-16)"
"28-4","37-8",0,"[0,2.22e-16)"
"28-5","37-8",0,"[0,2.22e-16)"
"28-6","37-8",0,"[0,2.22e-16)"
"28-7","37-8",0,"[0,2.22e-16)"
"28-8","37-8",0,"[0,2.22e-16)"
"28-9","37-8",0,"[0,2.22e-16)"
"28-10","37-8",0,"[0,2.22e-16)"
"28-11","37-8",0,"[0,2.22e-16)"
"8-1","37-9",0,"[0,2.22e-16)"
"8-2","37-9",0,"[0,2.22e-16)"
"8-3","37-9",0,"[0,2.22e-16)"
"8-4","37-9",0,"[0,2.22e-16)"
"8-5","37-9",0,"[0,2.22e-16)"
"8-6","37-9",0,"[0,2.22e-16)"
"8-7","37-9",0,"[0,2.22e-16)"
"8-8","37-9",0,"[0,2.22e-16)"
"8-9","37-9",0,"[0,2.22e-16)"
"8-10","37-9",0,"[0,2.22e-16)"
"8-11","37-9",0,"[0,2.22e-16)"
"15-1","37-9",0,"[0,2.22e-16)"
"15-2","37-9",0,"[0,2.22e-16)"
"15-3","37-9",0.024,"[2.22e-16,0.2)"
"15-4","37-9",0.1,"[2.22e-16,0.2)"
"15-5","37-9",0,"[0,2.22e-16)"
"15-6","37-9",0,"[0,2.22e-16)"
"15-7","37-9",0,"[0,2.22e-16)"
"15-8","37-9",0,"[0,2.22e-16)"
"15-9","37-9",0.008,"[2.22e-16,0.2)"
"15-10","37-9",0,"[0,2.22e-16)"
"15-11","37-9",0,"[0,2.22e-16)"
"22-1","37-9",0,"[0,2.22e-16)"
"22-2","37-9",0,"[0,2.22e-16)"
"22-3","37-9",0,"[0,2.22e-16)"
"22-4","37-9",0,"[0,2.22e-16)"
"22-5","37-9",0,"[0,2.22e-16)"
"22-6","37-9",0,"[0,2.22e-16)"
"22-7","37-9",0,"[0,2.22e-16)"
"22-8","37-9",0,"[0,2.22e-16)"
"22-9","37-9",0,"[0,2.22e-16)"
"22-10","37-9",0,"[0,2.22e-16)"
"22-11","37-9",0,"[0,2.22e-16)"
"28-1","37-9",0.5,"[0.4,0.6)"
"28-2","37-9",1.33333333,"[1,Inf)"
"28-3","37-9",0.16666667,"[2.22e-16,0.2)"
"28-4","37-9",0.03,"[2.22e-16,0.2)"
"28-5","37-9",0.15,"[2.22e-16,0.2)"
"28-6","37-9",0.0096,"[2.22e-16,0.2)"
"28-7","37-9",0.0208,"[2.22e-16,0.2)"
"28-8","37-9",0.01866667,"[2.22e-16,0.2)"
"28-9","37-9",0.00352,"[2.22e-16,0.2)"
"28-10","37-9",0.09142857,"[2.22e-16,0.2)"
"28-11","37-9",0.00363636,"[2.22e-16,0.2)"
"8-1","37-10",0,"[0,2.22e-16)"
"8-2","37-10",0,"[0,2.22e-16)"
"8-3","37-10",0,"[0,2.22e-16)"
"8-4","37-10",0,"[0,2.22e-16)"
"8-5","37-10",0,"[0,2.22e-16)"
"8-6","37-10",0,"[0,2.22e-16)"
"8-7","37-10",0,"[0,2.22e-16)"
"8-8","37-10",0,"[0,2.22e-16)"
"8-9","37-10",0,"[0,2.22e-16)"
"8-10","37-10",0,"[0,2.22e-16)"
"8-11","37-10",0,"[0,2.22e-16)"
"15-1","37-10",0,"[0,2.22e-16)"
"15-2","37-10",0,"[0,2.22e-16)"
"15-3","37-10",0,"[0,2.22e-16)"
"15-4","37-10",0,"[0,2.22e-16)"
"15-5","37-10",0,"[0,2.22e-16)"
"15-6","37-10",0,"[0,2.22e-16)"
"15-7","37-10",0,"[0,2.22e-16)"
"15-8","37-10",0,"[0,2.22e-16)"
"15-9","37-10",0,"[0,2.22e-16)"
"15-10","37-10",0,"[0,2.22e-16)"
"15-11","37-10",0,"[0,2.22e-16)"
"22-1","37-10",0,"[0,2.22e-16)"
"22-2","37-10",0,"[0,2.22e-16)"
"22-3","37-10",0,"[0,2.22e-16)"
"22-4","37-10",0,"[0,2.22e-16)"
"22-5","37-10",0,"[0,2.22e-16)"
"22-6","37-10",0,"[0,2.22e-16)"
"22-7","37-10",0,"[0,2.22e-16)"
"22-8","37-10",0,"[0,2.22e-16)"
"22-9","37-10",0,"[0,2.22e-16)"
"22-10","37-10",0,"[0,2.22e-16)"
"22-11","37-10",0,"[0,2.22e-16)"
"28-1","37-10",0,"[0,2.22e-16)"
"28-2","37-10",0,"[0,2.22e-16)"
"28-3","37-10",0,"[0,2.22e-16)"
"28-4","37-10",0,"[0,2.22e-16)"
"28-5","37-10",0,"[0,2.22e-16)"
"28-6","37-10",0,"[0,2.22e-16)"
"28-7","37-10",0,"[0,2.22e-16)"
"28-8","37-10",0,"[0,2.22e-16)"
"28-9","37-10",0,"[0,2.22e-16)"
"28-10","37-10",0,"[0,2.22e-16)"
"28-11","37-10",0,"[0,2.22e-16)"
"8-1","28-1",0,"[0,2.22e-16)"
"8-2","28-1",0,"[0,2.22e-16)"
"8-3","28-1",0,"[0,2.22e-16)"
"8-4","28-1",0,"[0,2.22e-16)"
"8-5","28-1",0,"[0,2.22e-16)"
"8-6","28-1",0,"[0,2.22e-16)"
"8-7","28-1",0,"[0,2.22e-16)"
"8-8","28-1",0,"[0,2.22e-16)"
"8-9","28-1",0,"[0,2.22e-16)"
"8-10","28-1",0,"[0,2.22e-16)"
"8-11","28-1",0,"[0,2.22e-16)"
"15-1","28-1",0,"[0,2.22e-16)"
"15-2","28-1",0,"[0,2.22e-16)"
"15-3","28-1",0.008,"[2.22e-16,0.2)"
"15-4","28-1",0.275,"[0.2,0.4)"
"15-5","28-1",0,"[0,2.22e-16)"
"15-6","28-1",0,"[0,2.22e-16)"
"15-7","28-1",0,"[0,2.22e-16)"
"15-8","28-1",0,"[0,2.22e-16)"
"15-9","28-1",0.012,"[2.22e-16,0.2)"
"15-10","28-1",0,"[0,2.22e-16)"
"15-11","28-1",0,"[0,2.22e-16)"
"22-1","28-1",0.24,"[0.2,0.4)"
"22-2","28-1",0.1,"[2.22e-16,0.2)"
"22-3","28-1",0.13333333,"[2.22e-16,0.2)"
"22-4","28-1",0.06,"[2.22e-16,0.2)"
"22-5","28-1",0,"[0,2.22e-16)"
"22-6","28-1",0.1,"[2.22e-16,0.2)"
"22-7","28-1",1.16666667,"[1,Inf)"
"22-8","28-1",0,"[0,2.22e-16)"
"22-9","28-1",0.00342857,"[2.22e-16,0.2)"
"22-10","28-1",0.1,"[2.22e-16,0.2)"
"22-11","28-1",0.4,"[0.4,0.6)"
"28-1","28-1",0.5,"[0.4,0.6)"
"28-2","28-1",0.16666667,"[2.22e-16,0.2)"
"28-3","28-1",0.2,"[0.2,0.4)"
"28-4","28-1",0.035,"[2.22e-16,0.2)"
"28-5","28-1",0.15,"[2.22e-16,0.2)"
"28-6","28-1",0.0096,"[2.22e-16,0.2)"
"28-7","28-1",0.048,"[2.22e-16,0.2)"
"28-8","28-1",0.05333333,"[2.22e-16,0.2)"
"28-9","28-1",0.00256,"[2.22e-16,0.2)"
"28-10","28-1",0.06857143,"[2.22e-16,0.2)"
"28-11","28-1",0.00363636,"[2.22e-16,0.2)"
"8-1","28-2",0,"[0,2.22e-16)"
"8-2","28-2",0,"[0,2.22e-16)"
"8-3","28-2",0,"[0,2.22e-16)"
"8-4","28-2",0,"[0,2.22e-16)"
"8-5","28-2",0,"[0,2.22e-16)"
"8-6","28-2",0,"[0,2.22e-16)"
"8-7","28-2",0,"[0,2.22e-16)"
"8-8","28-2",0,"[0,2.22e-16)"
"8-9","28-2",0,"[0,2.22e-16)"
"8-10","28-2",0,"[0,2.22e-16)"
"8-11","28-2",0,"[0,2.22e-16)"
"15-1","28-2",0.01333333,"[2.22e-16,0.2)"
"15-2","28-2",4,"[1,Inf)"
"15-3","28-2",0.024,"[2.22e-16,0.2)"
"15-4","28-2",0.225,"[0.2,0.4)"
"15-5","28-2",0,"[0,2.22e-16)"
"15-6","28-2",0.05,"[2.22e-16,0.2)"
"15-7","28-2",0.015,"[2.22e-16,0.2)"
"15-8","28-2",0,"[0,2.22e-16)"
"15-9","28-2",0,"[0,2.22e-16)"
"15-10","28-2",0,"[0,2.22e-16)"
"15-11","28-2",0,"[0,2.22e-16)"
"22-1","28-2",0,"[0,2.22e-16)"
"22-2","28-2",0,"[0,2.22e-16)"
"22-3","28-2",0.06666667,"[2.22e-16,0.2)"
"22-4","28-2",0.06,"[2.22e-16,0.2)"
"22-5","28-2",0.12,"[2.22e-16,0.2)"
"22-6","28-2",0.125,"[2.22e-16,0.2)"
"22-7","28-2",0.66666667,"[0.6,0.8)"
"22-8","28-2",0.00933333,"[2.22e-16,0.2)"
"22-9","28-2",0.008,"[2.22e-16,0.2)"
"22-10","28-2",0.13333333,"[2.22e-16,0.2)"
"22-11","28-2",0.08,"[2.22e-16,0.2)"
"28-1","28-2",0,"[0,2.22e-16)"
"28-2","28-2",0,"[0,2.22e-16)"
"28-3","28-2",0,"[0,2.22e-16)"
"28-4","28-2",0,"[0,2.22e-16)"
"28-5","28-2",0,"[0,2.22e-16)"
"28-6","28-2",0,"[0,2.22e-16)"
"28-7","28-2",0,"[0,2.22e-16)"
"28-8","28-2",0,"[0,2.22e-16)"
"28-9","28-2",0,"[0,2.22e-16)"
"28-10","28-2",0,"[0,2.22e-16)"
"28-11","28-2",0,"[0,2.22e-16)"
"8-1","28-3",0,"[0,2.22e-16)"
"8-2","28-3",0,"[0,2.22e-16)"
"8-3","28-3",0,"[0,2.22e-16)"
"8-4","28-3",0,"[0,2.22e-16)"
"8-5","28-3",0,"[0,2.22e-16)"
"8-6","28-3",0,"[0,2.22e-16)"
"8-7","28-3",0,"[0,2.22e-16)"
"8-8","28-3",0,"[0,2.22e-16)"
"8-9","28-3",0,"[0,2.22e-16)"
"8-10","28-3",0,"[0,2.22e-16)"
"8-11","28-3",0,"[0,2.22e-16)"
"15-1","28-3",0,"[0,2.22e-16)"
"15-2","28-3",0,"[0,2.22e-16)"
"15-3","28-3",0.032,"[2.22e-16,0.2)"
"15-4","28-3",0.05,"[2.22e-16,0.2)"
"15-5","28-3",0,"[0,2.22e-16)"
"15-6","28-3",0.05,"[2.22e-16,0.2)"
"15-7","28-3",0,"[0,2.22e-16)"
"15-8","28-3",0,"[0,2.22e-16)"
"15-9","28-3",0,"[0,2.22e-16)"
"15-10","28-3",0,"[0,2.22e-16)"
"15-11","28-3",0.75,"[0.6,0.8)"
"22-1","28-3",0,"[0,2.22e-16)"
"22-2","28-3",0,"[0,2.22e-16)"
"22-3","28-3",0,"[0,2.22e-16)"
"22-4","28-3",0,"[0,2.22e-16)"
"22-5","28-3",0,"[0,2.22e-16)"
"22-6","28-3",0,"[0,2.22e-16)"
"22-7","28-3",0.26666667,"[0.2,0.4)"
"22-8","28-3",0,"[0,2.22e-16)"
"22-9","28-3",0.00342857,"[2.22e-16,0.2)"
"22-10","28-3",0.06666667,"[2.22e-16,0.2)"
"22-11","28-3",0.5,"[0.4,0.6)"
"28-1","28-3",0.02,"[2.22e-16,0.2)"
"28-2","28-3",0.04666667,"[2.22e-16,0.2)"
"28-3","28-3",0.02666667,"[2.22e-16,0.2)"
"28-4","28-3",0.003,"[2.22e-16,0.2)"
"28-5","28-3",0,"[0,2.22e-16)"
"28-6","28-3",0,"[0,2.22e-16)"
"28-7","28-3",0,"[0,2.22e-16)"
"28-8","28-3",0,"[0,2.22e-16)"
"28-9","28-3",0,"[0,2.22e-16)"
"28-10","28-3",0,"[0,2.22e-16)"
"28-11","28-3",0,"[0,2.22e-16)"
"8-1","28-4",0,"[0,2.22e-16)"
"8-2","28-4",0,"[0,2.22e-16)"
"8-3","28-4",0,"[0,2.22e-16)"
"8-4","28-4",0,"[0,2.22e-16)"
"8-5","28-4",0,"[0,2.22e-16)"
"8-6","28-4",0,"[0,2.22e-16)"
"8-7","28-4",0,"[0,2.22e-16)"
"8-8","28-4",0,"[0,2.22e-16)"
"8-9","28-4",0,"[0,2.22e-16)"
"8-10","28-4",0,"[0,2.22e-16)"
"8-11","28-4",0,"[0,2.22e-16)"
"15-1","28-4",0,"[0,2.22e-16)"
"15-2","28-4",0,"[0,2.22e-16)"
"15-3","28-4",0.024,"[2.22e-16,0.2)"
"15-4","28-4",0.15,"[2.22e-16,0.2)"
"15-5","28-4",0,"[0,2.22e-16)"
"15-6","28-4",0.15,"[2.22e-16,0.2)"
"15-7","28-4",0,"[0,2.22e-16)"
"15-8","28-4",0,"[0,2.22e-16)"
"15-9","28-4",0.004,"[2.22e-16,0.2)"
"15-10","28-4",0.03,"[2.22e-16,0.2)"
"15-11","28-4",0.25,"[0.2,0.4)"
"22-1","28-4",0.8,"[0.8,1)"
"22-2","28-4",0.03333333,"[2.22e-16,0.2)"
"22-3","28-4",0.58333333,"[0.4,0.6)"
"22-4","28-4",0.2,"[0.2,0.4)"
"22-5","28-4",0.2,"[0.2,0.4)"
"22-6","28-4",0.1,"[2.22e-16,0.2)"
"22-7","28-4",0.83333333,"[0.8,1)"
"22-8","28-4",0.00133333,"[2.22e-16,0.2)"
"22-9","28-4",0.00571429,"[2.22e-16,0.2)"
"22-10","28-4",0.1,"[2.22e-16,0.2)"
"22-11","28-4",0.18,"[2.22e-16,0.2)"
"28-1","28-4",0.1,"[2.22e-16,0.2)"
"28-2","28-4",0.2,"[0.2,0.4)"
"28-3","28-4",0.16666667,"[2.22e-16,0.2)"
"28-4","28-4",0.03,"[2.22e-16,0.2)"
"28-5","28-4",0.1,"[2.22e-16,0.2)"
"28-6","28-4",0.0048,"[2.22e-16,0.2)"
"28-7","28-4",0.032,"[2.22e-16,0.2)"
"28-8","28-4",0.02266667,"[2.22e-16,0.2)"
"28-9","28-4",0.008,"[2.22e-16,0.2)"
"28-10","28-4",0.06857143,"[2.22e-16,0.2)"
"28-11","28-4",0.00203636,"[2.22e-16,0.2)"
"8-1","28-5",0,"[0,2.22e-16)"
"8-2","28-5",0,"[0,2.22e-16)"
"8-3","28-5",0,"[0,2.22e-16)"
"8-4","28-5",0,"[0,2.22e-16)"
"8-5","28-5",0,"[0,2.22e-16)"
"8-6","28-5",0,"[0,2.22e-16)"
"8-7","28-5",0,"[0,2.22e-16)"
"8-8","28-5",0,"[0,2.22e-16)"
"8-9","28-5",0,"[0,2.22e-16)"
"8-10","28-5",0,"[0,2.22e-16)"
"8-11","28-5",0,"[0,2.22e-16)"
"15-1","28-5",0,"[0,2.22e-16)"
"15-2","28-5",0,"[0,2.22e-16)"
"15-3","28-5",0,"[0,2.22e-16)"
"15-4","28-5",0,"[0,2.22e-16)"
"15-5","28-5",0,"[0,2.22e-16)"
"15-6","28-5",0,"[0,2.22e-16)"
"15-7","28-5",0,"[0,2.22e-16)"
"15-8","28-5",0,"[0,2.22e-16)"
"15-9","28-5",0,"[0,2.22e-16)"
"15-10","28-5",0,"[0,2.22e-16)"
"15-11","28-5",0,"[0,2.22e-16)"
"22-1","28-5",0,"[0,2.22e-16)"
"22-2","28-5",0,"[0,2.22e-16)"
"22-3","28-5",0,"[0,2.22e-16)"
"22-4","28-5",0,"[0,2.22e-16)"
"22-5","28-5",0,"[0,2.22e-16)"
"22-6","28-5",0,"[0,2.22e-16)"
"22-7","28-5",0,"[0,2.22e-16)"
"22-8","28-5",0,"[0,2.22e-16)"
"22-9","28-5",0,"[0,2.22e-16)"
"22-10","28-5",0,"[0,2.22e-16)"
"22-11","28-5",0,"[0,2.22e-16)"
"28-1","28-5",0.08,"[2.22e-16,0.2)"
"28-2","28-5",0.05333333,"[2.22e-16,0.2)"
"28-3","28-5",0.23333333,"[0.2,0.4)"
"28-4","28-5",0.011,"[2.22e-16,0.2)"
"28-5","28-5",0.04,"[2.22e-16,0.2)"
"28-6","28-5",0.00288,"[2.22e-16,0.2)"
"28-7","28-5",0.04,"[2.22e-16,0.2)"
"28-8","28-5",0.016,"[2.22e-16,0.2)"
"28-9","28-5",0.00288,"[2.22e-16,0.2)"
"28-10","28-5",0.02857143,"[2.22e-16,0.2)"
"28-11","28-5",0.0016,"[2.22e-16,0.2)"
"8-1","28-6",0,"[0,2.22e-16)"
"8-2","28-6",0,"[0,2.22e-16)"
"8-3","28-6",0,"[0,2.22e-16)"
"8-4","28-6",0,"[0,2.22e-16)"
"8-5","28-6",0,"[0,2.22e-16)"
"8-6","28-6",0,"[0,2.22e-16)"
"8-7","28-6",0,"[0,2.22e-16)"
"8-8","28-6",0,"[0,2.22e-16)"
"8-9","28-6",0,"[0,2.22e-16)"
"8-10","28-6",0,"[0,2.22e-16)"
"8-11","28-6",0,"[0,2.22e-16)"
"15-1","28-6",0,"[0,2.22e-16)"
"15-2","28-6",0,"[0,2.22e-16)"
"15-3","28-6",0,"[0,2.22e-16)"
"15-4","28-6",0,"[0,2.22e-16)"
"15-5","28-6",0,"[0,2.22e-16)"
"15-6","28-6",0,"[0,2.22e-16)"
"15-7","28-6",0,"[0,2.22e-16)"
"15-8","28-6",0,"[0,2.22e-16)"
"15-9","28-6",0,"[0,2.22e-16)"
"15-10","28-6",0,"[0,2.22e-16)"
"15-11","28-6",0,"[0,2.22e-16)"
"22-1","28-6",0,"[0,2.22e-16)"
"22-2","28-6",0,"[0,2.22e-16)"
"22-3","28-6",0,"[0,2.22e-16)"
"22-4","28-6",0,"[0,2.22e-16)"
"22-5","28-6",0,"[0,2.22e-16)"
"22-6","28-6",0,"[0,2.22e-16)"
"22-7","28-6",0,"[0,2.22e-16)"
"22-8","28-6",0,"[0,2.22e-16)"
"22-9","28-6",0,"[0,2.22e-16)"
"22-10","28-6",0,"[0,2.22e-16)"
"22-11","28-6",0,"[0,2.22e-16)"
"28-1","28-6",0,"[0,2.22e-16)"
"28-2","28-6",0,"[0,2.22e-16)"
"28-3","28-6",0,"[0,2.22e-16)"
"28-4","28-6",0,"[0,2.22e-16)"
"28-5","28-6",0,"[0,2.22e-16)"
"28-6","28-6",0,"[0,2.22e-16)"
"28-7","28-6",0,"[0,2.22e-16)"
"28-8","28-6",0,"[0,2.22e-16)"
"28-9","28-6",0,"[0,2.22e-16)"
"28-10","28-6",0,"[0,2.22e-16)"
"28-11","28-6",0,"[0,2.22e-16)"
"8-1","28-7",0,"[0,2.22e-16)"
"8-2","28-7",0,"[0,2.22e-16)"
"8-3","28-7",0,"[0,2.22e-16)"
"8-4","28-7",0,"[0,2.22e-16)"
"8-5","28-7",0,"[0,2.22e-16)"
"8-6","28-7",0,"[0,2.22e-16)"
"8-7","28-7",0,"[0,2.22e-16)"
"8-8","28-7",0,"[0,2.22e-16)"
"8-9","28-7",0,"[0,2.22e-16)"
"8-10","28-7",0,"[0,2.22e-16)"
"8-11","28-7",0,"[0,2.22e-16)"
"15-1","28-7",0,"[0,2.22e-16)"
"15-2","28-7",0,"[0,2.22e-16)"
"15-3","28-7",0,"[0,2.22e-16)"
"15-4","28-7",0.1,"[2.22e-16,0.2)"
"15-5","28-7",1,"[1,Inf)"
"15-6","28-7",0.1,"[2.22e-16,0.2)"
"15-7","28-7",0,"[0,2.22e-16)"
"15-8","28-7",0,"[0,2.22e-16)"
"15-9","28-7",0.016,"[2.22e-16,0.2)"
"15-10","28-7",0,"[0,2.22e-16)"
"15-11","28-7",0,"[0,2.22e-16)"
"22-1","28-7",0.24,"[0.2,0.4)"
"22-2","28-7",0,"[0,2.22e-16)"
"22-3","28-7",0.5,"[0.4,0.6)"
"22-4","28-7",0.06,"[2.22e-16,0.2)"
"22-5","28-7",0.24,"[0.2,0.4)"
"22-6","28-7",0,"[0,2.22e-16)"
"22-7","28-7",0.36666667,"[0.2,0.4)"
"22-8","28-7",0,"[0,2.22e-16)"
"22-9","28-7",0,"[0,2.22e-16)"
"22-10","28-7",0.13333333,"[2.22e-16,0.2)"
"22-11","28-7",0.4,"[0.4,0.6)"
"28-1","28-7",0.24,"[0.2,0.4)"
"28-2","28-7",0.66666667,"[0.6,0.8)"
"28-3","28-7",0.33333333,"[0.2,0.4)"
"28-4","28-7",0.03,"[2.22e-16,0.2)"
"28-5","28-7",0.5,"[0.4,0.6)"
"28-6","28-7",0.0096,"[2.22e-16,0.2)"
"28-7","28-7",0.016,"[2.22e-16,0.2)"
"28-8","28-7",0.03333333,"[2.22e-16,0.2)"
"28-9","28-7",0.0064,"[2.22e-16,0.2)"
"28-10","28-7",0.14285714,"[2.22e-16,0.2)"
"28-11","28-7",0.00145455,"[2.22e-16,0.2)"
"8-1","28-8",0,"[0,2.22e-16)"
"8-2","28-8",0,"[0,2.22e-16)"
"8-3","28-8",0,"[0,2.22e-16)"
"8-4","28-8",0,"[0,2.22e-16)"
"8-5","28-8",0,"[0,2.22e-16)"
"8-6","28-8",0,"[0,2.22e-16)"
"8-7","28-8",0,"[0,2.22e-16)"
"8-8","28-8",0,"[0,2.22e-16)"
"8-9","28-8",0,"[0,2.22e-16)"
"8-10","28-8",0,"[0,2.22e-16)"
"8-11","28-8",0,"[0,2.22e-16)"
"15-1","28-8",0,"[0,2.22e-16)"
"15-2","28-8",0,"[0,2.22e-16)"
"15-3","28-8",0,"[0,2.22e-16)"
"15-4","28-8",0,"[0,2.22e-16)"
"15-5","28-8",0,"[0,2.22e-16)"
"15-6","28-8",0,"[0,2.22e-16)"
"15-7","28-8",0,"[0,2.22e-16)"
"15-8","28-8",0,"[0,2.22e-16)"
"15-9","28-8",0,"[0,2.22e-16)"
"15-10","28-8",0,"[0,2.22e-16)"
"15-11","28-8",0,"[0,2.22e-16)"
"22-1","28-8",0,"[0,2.22e-16)"
"22-2","28-8",0,"[0,2.22e-16)"
"22-3","28-8",0,"[0,2.22e-16)"
"22-4","28-8",0,"[0,2.22e-16)"
"22-5","28-8",0,"[0,2.22e-16)"
"22-6","28-8",0,"[0,2.22e-16)"
"22-7","28-8",0,"[0,2.22e-16)"
"22-8","28-8",0,"[0,2.22e-16)"
"22-9","28-8",0,"[0,2.22e-16)"
"22-10","28-8",0,"[0,2.22e-16)"
"22-11","28-8",0,"[0,2.22e-16)"
"28-1","28-8",0,"[0,2.22e-16)"
"28-2","28-8",0,"[0,2.22e-16)"
"28-3","28-8",0,"[0,2.22e-16)"
"28-4","28-8",0,"[0,2.22e-16)"
"28-5","28-8",0,"[0,2.22e-16)"
"28-6","28-8",0,"[0,2.22e-16)"
"28-7","28-8",0,"[0,2.22e-16)"
"28-8","28-8",0,"[0,2.22e-16)"
"28-9","28-8",0,"[0,2.22e-16)"
"28-10","28-8",0,"[0,2.22e-16)"
"28-11","28-8",0,"[0,2.22e-16)"
"8-1","28-9",0,"[0,2.22e-16)"
"8-2","28-9",0,"[0,2.22e-16)"
"8-3","28-9",0,"[0,2.22e-16)"
"8-4","28-9",0,"[0,2.22e-16)"
"8-5","28-9",0,"[0,2.22e-16)"
"8-6","28-9",0,"[0,2.22e-16)"
"8-7","28-9",0,"[0,2.22e-16)"
"8-8","28-9",0,"[0,2.22e-16)"
"8-9","28-9",0,"[0,2.22e-16)"
"8-10","28-9",0,"[0,2.22e-16)"
"8-11","28-9",0,"[0,2.22e-16)"
"15-1","28-9",0,"[0,2.22e-16)"
"15-2","28-9",0,"[0,2.22e-16)"
"15-3","28-9",0.008,"[2.22e-16,0.2)"
"15-4","28-9",0.5,"[0.4,0.6)"
"15-5","28-9",0,"[0,2.22e-16)"
"15-6","28-9",0.1,"[2.22e-16,0.2)"
"15-7","28-9",0,"[0,2.22e-16)"
"15-8","28-9",0,"[0,2.22e-16)"
"15-9","28-9",0.024,"[2.22e-16,0.2)"
"15-10","28-9",0,"[0,2.22e-16)"
"15-11","28-9",1,"[1,Inf)"
"22-1","28-9",0.04,"[2.22e-16,0.2)"
"22-2","28-9",0,"[0,2.22e-16)"
"22-3","28-9",0.33333333,"[0.2,0.4)"
"22-4","28-9",0.03,"[2.22e-16,0.2)"
"22-5","28-9",0.2,"[0.2,0.4)"
"22-6","28-9",0.1,"[2.22e-16,0.2)"
"22-7","28-9",0.5,"[0.4,0.6)"
"22-8","28-9",0,"[0,2.22e-16)"
"22-9","28-9",0.00342857,"[2.22e-16,0.2)"
"22-10","28-9",0.03333333,"[2.22e-16,0.2)"
"22-11","28-9",0.08,"[2.22e-16,0.2)"
"28-1","28-9",0.12,"[2.22e-16,0.2)"
"28-2","28-9",0.83333333,"[0.8,1)"
"28-3","28-9",0.4,"[0.4,0.6)"
"28-4","28-9",0.03,"[2.22e-16,0.2)"
"28-5","28-9",0.125,"[2.22e-16,0.2)"
"28-6","28-9",0.056,"[2.22e-16,0.2)"
"28-7","28-9",0.0256,"[2.22e-16,0.2)"
"28-8","28-9",0.2,"[0.2,0.4)"
"28-9","28-9",0.032,"[2.22e-16,0.2)"
"28-10","28-9",0.17142857,"[2.22e-16,0.2)"
"28-11","28-9",0.00290909,"[2.22e-16,0.2)"
"8-1","28-10",0,"[0,2.22e-16)"
"8-2","28-10",0,"[0,2.22e-16)"
"8-3","28-10",0,"[0,2.22e-16)"
"8-4","28-10",0,"[0,2.22e-16)"
"8-5","28-10",0,"[0,2.22e-16)"
"8-6","28-10",0,"[0,2.22e-16)"
"8-7","28-10",0,"[0,2.22e-16)"
"8-8","28-10",0,"[0,2.22e-16)"
"8-9","28-10",0,"[0,2.22e-16)"
"8-10","28-10",0,"[0,2.22e-16)"
"8-11","28-10",0,"[0,2.22e-16)"
"15-1","28-10",0,"[0,2.22e-16)"
"15-2","28-10",3,"[1,Inf)"
"15-3","28-10",0,"[0,2.22e-16)"
"15-4","28-10",0.375,"[0.2,0.4)"
"15-5","28-10",0,"[0,2.22e-16)"
"15-6","28-10",0.2,"[0.2,0.4)"
"15-7","28-10",0,"[0,2.22e-16)"
"15-8","28-10",0,"[0,2.22e-16)"
"15-9","28-10",0,"[0,2.22e-16)"
"15-10","28-10",0,"[0,2.22e-16)"
"15-11","28-10",0,"[0,2.22e-16)"
"22-1","28-10",0.28,"[0.2,0.4)"
"22-2","28-10",0.13333333,"[2.22e-16,0.2)"
"22-3","28-10",0.83333333,"[0.8,1)"
"22-4","28-10",0.06,"[2.22e-16,0.2)"
"22-5","28-10",0.16,"[2.22e-16,0.2)"
"22-6","28-10",0,"[0,2.22e-16)"
"22-7","28-10",0.3,"[0.2,0.4)"
"22-8","28-10",0,"[0,2.22e-16)"
"22-9","28-10",0.00228571,"[2.22e-16,0.2)"
"22-10","28-10",0.5,"[0.4,0.6)"
"22-11","28-10",0.6,"[0.6,0.8)"
"28-1","28-10",0.044,"[2.22e-16,0.2)"
"28-2","28-10",0.16666667,"[2.22e-16,0.2)"
"28-3","28-10",0.16666667,"[2.22e-16,0.2)"
"28-4","28-10",0.03,"[2.22e-16,0.2)"
"28-5","28-10",0.125,"[2.22e-16,0.2)"
"28-6","28-10",0.008,"[2.22e-16,0.2)"
"28-7","28-10",0.016,"[2.22e-16,0.2)"
"28-8","28-10",0.02133333,"[2.22e-16,0.2)"
"28-9","28-10",0.00512,"[2.22e-16,0.2)"
"28-10","28-10",0.10857143,"[2.22e-16,0.2)"
"28-11","28-10",0.00290909,"[2.22e-16,0.2)"
"8-1","22-1",0,"[0,2.22e-16)"
"8-2","22-1",0,"[0,2.22e-16)"
"8-3","22-1",0,"[0,2.22e-16)"
"8-4","22-1",0,"[0,2.22e-16)"
"8-5","22-1",0,"[0,2.22e-16)"
"8-6","22-1",0,"[0,2.22e-16)"
"8-7","22-1",0,"[0,2.22e-16)"
"8-8","22-1",0,"[0,2.22e-16)"
"8-9","22-1",0,"[0,2.22e-16)"
"8-10","22-1",0,"[0,2.22e-16)"
"8-11","22-1",0,"[0,2.22e-16)"
"15-1","22-1",0,"[0,2.22e-16)"
"15-2","22-1",0.16666667,"[2.22e-16,0.2)"
"15-3","22-1",0.04,"[2.22e-16,0.2)"
"15-4","22-1",0.15,"[2.22e-16,0.2)"
"15-5","22-1",0.16666667,"[2.22e-16,0.2)"
"15-6","22-1",0,"[0,2.22e-16)"
"15-7","22-1",0,"[0,2.22e-16)"
"15-8","22-1",0,"[0,2.22e-16)"
"15-9","22-1",0.0024,"[2.22e-16,0.2)"
"15-10","22-1",0.0032,"[2.22e-16,0.2)"
"15-11","22-1",0.5,"[0.4,0.6)"
"22-1","22-1",0.23333333,"[0.2,0.4)"
"22-2","22-1",0,"[0,2.22e-16)"
"22-3","22-1",0.08,"[2.22e-16,0.2)"
"22-4","22-1",0.08,"[2.22e-16,0.2)"
"22-5","22-1",0,"[0,2.22e-16)"
"22-6","22-1",0.02,"[2.22e-16,0.2)"
"22-7","22-1",0.01818182,"[2.22e-16,0.2)"
"22-8","22-1",0,"[0,2.22e-16)"
"22-9","22-1",0.00266667,"[2.22e-16,0.2)"
"22-10","22-1",0.03111111,"[2.22e-16,0.2)"
"22-11","22-1",0.3,"[0.2,0.4)"
"28-1","22-1",0.06666667,"[2.22e-16,0.2)"
"28-2","22-1",0.53333333,"[0.4,0.6)"
"28-3","22-1",0.05,"[2.22e-16,0.2)"
"28-4","22-1",0.2,"[0.2,0.4)"
"28-5","22-1",0.0064,"[2.22e-16,0.2)"
"28-6","22-1",0.048,"[2.22e-16,0.2)"
"28-7","22-1",0.01,"[2.22e-16,0.2)"
"28-8","22-1",0.00177778,"[2.22e-16,0.2)"
"28-9","22-1",0.05,"[2.22e-16,0.2)"
"28-10","22-1",0.004,"[2.22e-16,0.2)"
"28-11","22-1",0,"[0,2.22e-16)"
"8-1","22-2",0,"[0,2.22e-16)"
"8-2","22-2",0,"[0,2.22e-16)"
"8-3","22-2",0,"[0,2.22e-16)"
"8-4","22-2",0,"[0,2.22e-16)"
"8-5","22-2",0,"[0,2.22e-16)"
"8-6","22-2",0,"[0,2.22e-16)"
"8-7","22-2",0,"[0,2.22e-16)"
"8-8","22-2",0,"[0,2.22e-16)"
"8-9","22-2",0,"[0,2.22e-16)"
"8-10","22-2",0,"[0,2.22e-16)"
"8-11","22-2",0,"[0,2.22e-16)"
"15-1","22-2",0,"[0,2.22e-16)"
"15-2","22-2",0,"[0,2.22e-16)"
"15-3","22-2",0.02,"[2.22e-16,0.2)"
"15-4","22-2",0.25,"[0.2,0.4)"
"15-5","22-2",0,"[0,2.22e-16)"
"15-6","22-2",0,"[0,2.22e-16)"
"15-7","22-2",0,"[0,2.22e-16)"
"15-8","22-2",0,"[0,2.22e-16)"
"15-9","22-2",0,"[0,2.22e-16)"
"15-10","22-2",0.0048,"[2.22e-16,0.2)"
"15-11","22-2",0,"[0,2.22e-16)"
"22-1","22-2",0,"[0,2.22e-16)"
"22-2","22-2",0,"[0,2.22e-16)"
"22-3","22-2",0.4,"[0.4,0.6)"
"22-4","22-2",0.072,"[2.22e-16,0.2)"
"22-5","22-2",0,"[0,2.22e-16)"
"22-6","22-2",0,"[0,2.22e-16)"
"22-7","22-2",0.12727273,"[2.22e-16,0.2)"
"22-8","22-2",0,"[0,2.22e-16)"
"22-9","22-2",0,"[0,2.22e-16)"
"22-10","22-2",0.08888889,"[2.22e-16,0.2)"
"22-11","22-2",0.09,"[2.22e-16,0.2)"
"28-1","22-2",0.5,"[0.4,0.6)"
"28-2","22-2",3,"[1,Inf)"
"28-3","22-2",2.5,"[1,Inf)"
"28-4","22-2",2.85714286,"[1,Inf)"
"28-5","22-2",0.088,"[2.22e-16,0.2)"
"28-6","22-2",1.2,"[1,Inf)"
"28-7","22-2",0.04,"[2.22e-16,0.2)"
"28-8","22-2",0.02222222,"[2.22e-16,0.2)"
"28-9","22-2",0.1,"[2.22e-16,0.2)"
"28-10","22-2",0.02133333,"[2.22e-16,0.2)"
"28-11","22-2",0.184,"[2.22e-16,0.2)"
"8-1","22-3",0,"[0,2.22e-16)"
"8-2","22-3",0,"[0,2.22e-16)"
"8-3","22-3",0,"[0,2.22e-16)"
"8-4","22-3",0,"[0,2.22e-16)"
"8-5","22-3",0,"[0,2.22e-16)"
"8-6","22-3",0,"[0,2.22e-16)"
"8-7","22-3",0,"[0,2.22e-16)"
"8-8","22-3",0,"[0,2.22e-16)"
"8-9","22-3",0,"[0,2.22e-16)"
"8-10","22-3",0,"[0,2.22e-16)"
"8-11","22-3",0,"[0,2.22e-16)"
"15-1","22-3",0,"[0,2.22e-16)"
"15-2","22-3",0,"[0,2.22e-16)"
"15-3","22-3",0,"[0,2.22e-16)"
"15-4","22-3",0.2,"[0.2,0.4)"
"15-5","22-3",0,"[0,2.22e-16)"
"15-6","22-3",0,"[0,2.22e-16)"
"15-7","22-3",0,"[0,2.22e-16)"
"15-8","22-3",0,"[0,2.22e-16)"
"15-9","22-3",0,"[0,2.22e-16)"
"15-10","22-3",0,"[0,2.22e-16)"
"15-11","22-3",0,"[0,2.22e-16)"
"22-1","22-3",0.08,"[2.22e-16,0.2)"
"22-2","22-3",0,"[0,2.22e-16)"
"22-3","22-3",0,"[0,2.22e-16)"
"22-4","22-3",0.04,"[2.22e-16,0.2)"
"22-5","22-3",0,"[0,2.22e-16)"
"22-6","22-3",0,"[0,2.22e-16)"
"22-7","22-3",0.07272727,"[2.22e-16,0.2)"
"22-8","22-3",0,"[0,2.22e-16)"
"22-9","22-3",0.00066667,"[2.22e-16,0.2)"
"22-10","22-3",0.03111111,"[2.22e-16,0.2)"
"22-11","22-3",0.06,"[2.22e-16,0.2)"
"28-1","22-3",0.25,"[0.2,0.4)"
"28-2","22-3",0.93333333,"[0.8,1)"
"28-3","22-3",0.11666667,"[2.22e-16,0.2)"
"28-4","22-3",0.31428571,"[0.2,0.4)"
"28-5","22-3",0.0064,"[2.22e-16,0.2)"
"28-6","22-3",0.2,"[0.2,0.4)"
"28-7","22-3",0.03,"[2.22e-16,0.2)"
"28-8","22-3",0.008,"[2.22e-16,0.2)"
"28-9","22-3",0.1,"[2.22e-16,0.2)"
"28-10","22-3",0.008,"[2.22e-16,0.2)"
"28-11","22-3",0.048,"[2.22e-16,0.2)"
"8-1","22-4",0,"[0,2.22e-16)"
"8-2","22-4",0,"[0,2.22e-16)"
"8-3","22-4",0,"[0,2.22e-16)"
"8-4","22-4",0,"[0,2.22e-16)"
"8-5","22-4",0,"[0,2.22e-16)"
"8-6","22-4",0,"[0,2.22e-16)"
"8-7","22-4",0,"[0,2.22e-16)"
"8-8","22-4",0,"[0,2.22e-16)"
"8-9","22-4",0,"[0,2.22e-16)"
"8-10","22-4",0,"[0,2.22e-16)"
"8-11","22-4",0,"[0,2.22e-16)"
"15-1","22-4",0,"[0,2.22e-16)"
"15-2","22-4",0,"[0,2.22e-16)"
"15-3","22-4",0,"[0,2.22e-16)"
"15-4","22-4",0.2,"[0.2,0.4)"
"15-5","22-4",0.16666667,"[2.22e-16,0.2)"
"15-6","22-4",0.025,"[2.22e-16,0.2)"
"15-7","22-4",0,"[0,2.22e-16)"
"15-8","22-4",0,"[0,2.22e-16)"
"15-9","22-4",0.0016,"[2.22e-16,0.2)"
"15-10","22-4",0,"[0,2.22e-16)"
"15-11","22-4",0,"[0,2.22e-16)"
"22-1","22-4",0.04,"[2.22e-16,0.2)"
"22-2","22-4",0.13333333,"[2.22e-16,0.2)"
"22-3","22-4",0.02,"[2.22e-16,0.2)"
"22-4","22-4",0,"[0,2.22e-16)"
"22-5","22-4",0,"[0,2.22e-16)"
"22-6","22-4",0,"[0,2.22e-16)"
"22-7","22-4",0,"[0,2.22e-16)"
"22-8","22-4",0,"[0,2.22e-16)"
"22-9","22-4",0,"[0,2.22e-16)"
"22-10","22-4",0,"[0,2.22e-16)"
"22-11","22-4",0,"[0,2.22e-16)"
"28-1","22-4",0.13333333,"[2.22e-16,0.2)"
"28-2","22-4",0.46666667,"[0.4,0.6)"
"28-3","22-4",0.41666667,"[0.4,0.6)"
"28-4","22-4",0.22857143,"[0.2,0.4)"
"28-5","22-4",0.0096,"[2.22e-16,0.2)"
"28-6","22-4",0.024,"[2.22e-16,0.2)"
"28-7","22-4",0.014,"[2.22e-16,0.2)"
"28-8","22-4",0.008,"[2.22e-16,0.2)"
"28-9","22-4",0.13333333,"[2.22e-16,0.2)"
"28-10","22-4",0.00933333,"[2.22e-16,0.2)"
"28-11","22-4",0.064,"[2.22e-16,0.2)"
"8-1","22-5",0,"[0,2.22e-16)"
"8-2","22-5",0,"[0,2.22e-16)"
"8-3","22-5",0,"[0,2.22e-16)"
"8-4","22-5",0,"[0,2.22e-16)"
"8-5","22-5",0,"[0,2.22e-16)"
"8-6","22-5",0,"[0,2.22e-16)"
"8-7","22-5",0,"[0,2.22e-16)"
"8-8","22-5",0,"[0,2.22e-16)"
"8-9","22-5",0,"[0,2.22e-16)"
"8-10","22-5",0,"[0,2.22e-16)"
"8-11","22-5",0,"[0,2.22e-16)"
"15-1","22-5",0,"[0,2.22e-16)"
"15-2","22-5",0,"[0,2.22e-16)"
"15-3","22-5",0,"[0,2.22e-16)"
"15-4","22-5",0.15,"[2.22e-16,0.2)"
"15-5","22-5",0,"[0,2.22e-16)"
"15-6","22-5",0,"[0,2.22e-16)"
"15-7","22-5",0,"[0,2.22e-16)"
"15-8","22-5",0,"[0,2.22e-16)"
"15-9","22-5",0.0024,"[2.22e-16,0.2)"
"15-10","22-5",0,"[0,2.22e-16)"
"15-11","22-5",0.5,"[0.4,0.6)"
"22-1","22-5",0,"[0,2.22e-16)"
"22-2","22-5",0,"[0,2.22e-16)"
"22-3","22-5",0,"[0,2.22e-16)"
"22-4","22-5",0,"[0,2.22e-16)"
"22-5","22-5",0,"[0,2.22e-16)"
"22-6","22-5",0,"[0,2.22e-16)"
"22-7","22-5",0.07272727,"[2.22e-16,0.2)"
"22-8","22-5",0,"[0,2.22e-16)"
"22-9","22-5",0,"[0,2.22e-16)"
"22-10","22-5",0.02666667,"[2.22e-16,0.2)"
"22-11","22-5",0.07,"[2.22e-16,0.2)"
"28-1","22-5",0.13333333,"[2.22e-16,0.2)"
"28-2","22-5",0.66666667,"[0.6,0.8)"
"28-3","22-5",0.16666667,"[2.22e-16,0.2)"
"28-4","22-5",0,"[0,2.22e-16)"
"28-5","22-5",0.0048,"[2.22e-16,0.2)"
"28-6","22-5",0,"[0,2.22e-16)"
"28-7","22-5",0,"[0,2.22e-16)"
"28-8","22-5",0,"[0,2.22e-16)"
"28-9","22-5",0,"[0,2.22e-16)"
"28-10","22-5",0,"[0,2.22e-16)"
"28-11","22-5",0,"[0,2.22e-16)"
"8-1","22-6",0,"[0,2.22e-16)"
"8-2","22-6",0,"[0,2.22e-16)"
"8-3","22-6",0,"[0,2.22e-16)"
"8-4","22-6",0,"[0,2.22e-16)"
"8-5","22-6",0,"[0,2.22e-16)"
"8-6","22-6",0,"[0,2.22e-16)"
"8-7","22-6",0,"[0,2.22e-16)"
"8-8","22-6",0,"[0,2.22e-16)"
"8-9","22-6",0,"[0,2.22e-16)"
"8-10","22-6",0,"[0,2.22e-16)"
"8-11","22-6",0,"[0,2.22e-16)"
"15-1","22-6",0.01466667,"[2.22e-16,0.2)"
"15-2","22-6",0,"[0,2.22e-16)"
"15-3","22-6",0,"[0,2.22e-16)"
"15-4","22-6",0.4,"[0.4,0.6)"
"15-5","22-6",0,"[0,2.22e-16)"
"15-6","22-6",0.075,"[2.22e-16,0.2)"
"15-7","22-6",0.05333333,"[2.22e-16,0.2)"
"15-8","22-6",0,"[0,2.22e-16)"
"15-9","22-6",0,"[0,2.22e-16)"
"15-10","22-6",0.0064,"[2.22e-16,0.2)"
"15-11","22-6",1,"[1,Inf)"
"22-1","22-6",0.03333333,"[2.22e-16,0.2)"
"22-2","22-6",0,"[0,2.22e-16)"
"22-3","22-6",0.02,"[2.22e-16,0.2)"
"22-4","22-6",0.032,"[2.22e-16,0.2)"
"22-5","22-6",0.02857143,"[2.22e-16,0.2)"
"22-6","22-6",0,"[0,2.22e-16)"
"22-7","22-6",0,"[0,2.22e-16)"
"22-8","22-6",0,"[0,2.22e-16)"
"22-9","22-6",0,"[0,2.22e-16)"
"22-10","22-6",0,"[0,2.22e-16)"
"22-11","22-6",0,"[0,2.22e-16)"
"28-1","22-6",2.08333333,"[1,Inf)"
"28-2","22-6",10,"[1,Inf)"
"28-3","22-6",0.66666667,"[0.6,0.8)"
"28-4","22-6",0.42857143,"[0.4,0.6)"
"28-5","22-6",0.024,"[2.22e-16,0.2)"
"28-6","22-6",0.16,"[2.22e-16,0.2)"
"28-7","22-6",0.012,"[2.22e-16,0.2)"
"28-8","22-6",0.00711111,"[2.22e-16,0.2)"
"28-9","22-6",0.1,"[2.22e-16,0.2)"
"28-10","22-6",0.01066667,"[2.22e-16,0.2)"
"28-11","22-6",0.12,"[2.22e-16,0.2)"
"8-1","22-7",0,"[0,2.22e-16)"
"8-2","22-7",0,"[0,2.22e-16)"
"8-3","22-7",0,"[0,2.22e-16)"
"8-4","22-7",0,"[0,2.22e-16)"
"8-5","22-7",0,"[0,2.22e-16)"
"8-6","22-7",0,"[0,2.22e-16)"
"8-7","22-7",0,"[0,2.22e-16)"
"8-8","22-7",0,"[0,2.22e-16)"
"8-9","22-7",0,"[0,2.22e-16)"
"8-10","22-7",0,"[0,2.22e-16)"
"8-11","22-7",0,"[0,2.22e-16)"
"15-1","22-7",0,"[0,2.22e-16)"
"15-2","22-7",0,"[0,2.22e-16)"
"15-3","22-7",0,"[0,2.22e-16)"
"15-4","22-7",0,"[0,2.22e-16)"
"15-5","22-7",0,"[0,2.22e-16)"
"15-6","22-7",0,"[0,2.22e-16)"
"15-7","22-7",0,"[0,2.22e-16)"
"15-8","22-7",0,"[0,2.22e-16)"
"15-9","22-7",0,"[0,2.22e-16)"
"15-10","22-7",0,"[0,2.22e-16)"
"15-11","22-7",0,"[0,2.22e-16)"
"22-1","22-7",0,"[0,2.22e-16)"
"22-2","22-7",0,"[0,2.22e-16)"
"22-3","22-7",0,"[0,2.22e-16)"
"22-4","22-7",0,"[0,2.22e-16)"
"22-5","22-7",0,"[0,2.22e-16)"
"22-6","22-7",0,"[0,2.22e-16)"
"22-7","22-7",0,"[0,2.22e-16)"
"22-8","22-7",0,"[0,2.22e-16)"
"22-9","22-7",0,"[0,2.22e-16)"
"22-10","22-7",0,"[0,2.22e-16)"
"22-11","22-7",0,"[0,2.22e-16)"
"28-1","22-7",0.5,"[0.4,0.6)"
"28-2","22-7",2,"[1,Inf)"
"28-3","22-7",0.11666667,"[2.22e-16,0.2)"
"28-4","22-7",0.57142857,"[0.4,0.6)"
"28-5","22-7",0.0128,"[2.22e-16,0.2)"
"28-6","22-7",0.056,"[2.22e-16,0.2)"
"28-7","22-7",0.014,"[2.22e-16,0.2)"
"28-8","22-7",0.00444444,"[2.22e-16,0.2)"
"28-9","22-7",0,"[0,2.22e-16)"
"28-10","22-7",0.008,"[2.22e-16,0.2)"
"28-11","22-7",0.056,"[2.22e-16,0.2)"
"8-1","22-8",0,"[0,2.22e-16)"
"8-2","22-8",0,"[0,2.22e-16)"
"8-3","22-8",0,"[0,2.22e-16)"
"8-4","22-8",0,"[0,2.22e-16)"
"8-5","22-8",0,"[0,2.22e-16)"
"8-6","22-8",0,"[0,2.22e-16)"
"8-7","22-8",0,"[0,2.22e-16)"
"8-8","22-8",0,"[0,2.22e-16)"
"8-9","22-8",0,"[0,2.22e-16)"
"8-10","22-8",0,"[0,2.22e-16)"
"8-11","22-8",0,"[0,2.22e-16)"
"15-1","22-8",0,"[0,2.22e-16)"
"15-2","22-8",0,"[0,2.22e-16)"
"15-3","22-8",0,"[0,2.22e-16)"
"15-4","22-8",0.2,"[0.2,0.4)"
"15-5","22-8",0,"[0,2.22e-16)"
"15-6","22-8",0,"[0,2.22e-16)"
"15-7","22-8",0,"[0,2.22e-16)"
"15-8","22-8",0,"[0,2.22e-16)"
"15-9","22-8",0,"[0,2.22e-16)"
"15-10","22-8",0.0048,"[2.22e-16,0.2)"
"15-11","22-8",0,"[0,2.22e-16)"
"22-1","22-8",0.26666667,"[0.2,0.4)"
"22-2","22-8",0.2,"[0.2,0.4)"
"22-3","22-8",0.4,"[0.4,0.6)"
"22-4","22-8",0.16,"[2.22e-16,0.2)"
"22-5","22-8",0.08571429,"[2.22e-16,0.2)"
"22-6","22-8",0.02666667,"[2.22e-16,0.2)"
"22-7","22-8",0.18181818,"[2.22e-16,0.2)"
"22-8","22-8",0.004,"[2.22e-16,0.2)"
"22-9","22-8",0.00066667,"[2.22e-16,0.2)"
"22-10","22-8",0.02222222,"[2.22e-16,0.2)"
"22-11","22-8",0.06,"[2.22e-16,0.2)"
"28-1","22-8",3.33333333,"[1,Inf)"
"28-2","22-8",2,"[1,Inf)"
"28-3","22-8",0.25,"[0.2,0.4)"
"28-4","22-8",3.57142857,"[1,Inf)"
"28-5","22-8",0.16,"[2.22e-16,0.2)"
"28-6","22-8",1,"[1,Inf)"
"28-7","22-8",0.04,"[2.22e-16,0.2)"
"28-8","22-8",0.01422222,"[2.22e-16,0.2)"
"28-9","22-8",0.41666667,"[0.4,0.6)"
"28-10","22-8",0.01333333,"[2.22e-16,0.2)"
"28-11","22-8",0.112,"[2.22e-16,0.2)"
"8-1","22-9",0,"[0,2.22e-16)"
"8-2","22-9",0,"[0,2.22e-16)"
"8-3","22-9",0,"[0,2.22e-16)"
"8-4","22-9",0,"[0,2.22e-16)"
"8-5","22-9",0,"[0,2.22e-16)"
"8-6","22-9",0,"[0,2.22e-16)"
"8-7","22-9",0,"[0,2.22e-16)"
"8-8","22-9",0,"[0,2.22e-16)"
"8-9","22-9",0,"[0,2.22e-16)"
"8-10","22-9",0,"[0,2.22e-16)"
"8-11","22-9",0,"[0,2.22e-16)"
"15-1","22-9",0,"[0,2.22e-16)"
"15-2","22-9",0,"[0,2.22e-16)"
"15-3","22-9",0,"[0,2.22e-16)"
"15-4","22-9",0.4,"[0.4,0.6)"
"15-5","22-9",0,"[0,2.22e-16)"
"15-6","22-9",0,"[0,2.22e-16)"
"15-7","22-9",0,"[0,2.22e-16)"
"15-8","22-9",0,"[0,2.22e-16)"
"15-9","22-9",0,"[0,2.22e-16)"
"15-10","22-9",0,"[0,2.22e-16)"
"15-11","22-9",0,"[0,2.22e-16)"
"22-1","22-9",0.02,"[2.22e-16,0.2)"
"22-2","22-9",0,"[0,2.22e-16)"
"22-3","22-9",0.04,"[2.22e-16,0.2)"
"22-4","22-9",0.04,"[2.22e-16,0.2)"
"22-5","22-9",0,"[0,2.22e-16)"
"22-6","22-9",0,"[0,2.22e-16)"
"22-7","22-9",0.16363636,"[2.22e-16,0.2)"
"22-8","22-9",0,"[0,2.22e-16)"
"22-9","22-9",0,"[0,2.22e-16)"
"22-10","22-9",0.11111111,"[2.22e-16,0.2)"
"22-11","22-9",0.07,"[2.22e-16,0.2)"
"28-1","22-9",3.75,"[1,Inf)"
"28-2","22-9",2,"[1,Inf)"
"28-3","22-9",0.66666667,"[0.6,0.8)"
"28-4","22-9",0.71428571,"[0.6,0.8)"
"28-5","22-9",0.2,"[0.2,0.4)"
"28-6","22-9",0.32,"[0.2,0.4)"
"28-7","22-9",0.06,"[2.22e-16,0.2)"
"28-8","22-9",0.01333333,"[2.22e-16,0.2)"
"28-9","22-9",0.33333333,"[0.2,0.4)"
"28-10","22-9",0.03333333,"[2.22e-16,0.2)"
"28-11","22-9",0.056,"[2.22e-16,0.2)"
"8-1","22-10",0,"[0,2.22e-16)"
"8-2","22-10",0,"[0,2.22e-16)"
"8-3","22-10",0,"[0,2.22e-16)"
"8-4","22-10",0,"[0,2.22e-16)"
"8-5","22-10",0,"[0,2.22e-16)"
"8-6","22-10",0,"[0,2.22e-16)"
"8-7","22-10",0,"[0,2.22e-16)"
"8-8","22-10",0,"[0,2.22e-16)"
"8-9","22-10",0,"[0,2.22e-16)"
"8-10","22-10",0,"[0,2.22e-16)"
"8-11","22-10",0,"[0,2.22e-16)"
"15-1","22-10",0,"[0,2.22e-16)"
"15-2","22-10",0,"[0,2.22e-16)"
"15-3","22-10",0,"[0,2.22e-16)"
"15-4","22-10",0.25,"[0.2,0.4)"
"15-5","22-10",0,"[0,2.22e-16)"
"15-6","22-10",0.025,"[2.22e-16,0.2)"
"15-7","22-10",0,"[0,2.22e-16)"
"15-8","22-10",0,"[0,2.22e-16)"
"15-9","22-10",8e-04,"[2.22e-16,0.2)"
"15-10","22-10",0,"[0,2.22e-16)"
"15-11","22-10",0,"[0,2.22e-16)"
"22-1","22-10",0.07333333,"[2.22e-16,0.2)"
"22-2","22-10",0.2,"[0.2,0.4)"
"22-3","22-10",0.09,"[2.22e-16,0.2)"
"22-4","22-10",0.024,"[2.22e-16,0.2)"
"22-5","22-10",0.08571429,"[2.22e-16,0.2)"
"22-6","22-10",0.00666667,"[2.22e-16,0.2)"
"22-7","22-10",0.09090909,"[2.22e-16,0.2)"
"22-8","22-10",0,"[0,2.22e-16)"
"22-9","22-10",0,"[0,2.22e-16)"
"22-10","22-10",0.01333333,"[2.22e-16,0.2)"
"22-11","22-10",0.01,"[2.22e-16,0.2)"
"28-1","22-10",0,"[0,2.22e-16)"
"28-2","22-10",0,"[0,2.22e-16)"
"28-3","22-10",0,"[0,2.22e-16)"
"28-4","22-10",0,"[0,2.22e-16)"
"28-5","22-10",0,"[0,2.22e-16)"
"28-6","22-10",0,"[0,2.22e-16)"
"28-7","22-10",0,"[0,2.22e-16)"
"28-8","22-10",0,"[0,2.22e-16)"
"28-9","22-10",0,"[0,2.22e-16)"
"28-10","22-10",0,"[0,2.22e-16)"
"28-11","22-10",0,"[0,2.22e-16)"
"8-1","15-1",0,"[0,2.22e-16)"
"8-2","15-1",0,"[0,2.22e-16)"
"8-3","15-1",0,"[0,2.22e-16)"
"8-4","15-1",0,"[0,2.22e-16)"
"8-5","15-1",0,"[0,2.22e-16)"
"8-6","15-1",0,"[0,2.22e-16)"
"8-7","15-1",0,"[0,2.22e-16)"
"8-8","15-1",0,"[0,2.22e-16)"
"8-9","15-1",0,"[0,2.22e-16)"
"8-10","15-1",0,"[0,2.22e-16)"
"8-11","15-1",0,"[0,2.22e-16)"
"15-1","15-1",0,"[0,2.22e-16)"
"15-2","15-1",0,"[0,2.22e-16)"
"15-3","15-1",0,"[0,2.22e-16)"
"15-4","15-1",0.2,"[0.2,0.4)"
"15-5","15-1",0.33333333,"[0.2,0.4)"
"15-6","15-1",0,"[0,2.22e-16)"
"15-7","15-1",0.01333333,"[2.22e-16,0.2)"
"15-8","15-1",0,"[0,2.22e-16)"
"15-9","15-1",0.0032,"[2.22e-16,0.2)"
"15-10","15-1",0.0064,"[2.22e-16,0.2)"
"15-11","15-1",0.5,"[0.4,0.6)"
"22-1","15-1",0.3,"[0.2,0.4)"
"22-2","15-1",0.06666667,"[2.22e-16,0.2)"
"22-3","15-1",0.25,"[0.2,0.4)"
"22-4","15-1",0.24,"[0.2,0.4)"
"22-5","15-1",0.11428571,"[2.22e-16,0.2)"
"22-6","15-1",0.02,"[2.22e-16,0.2)"
"22-7","15-1",0.54545455,"[0.4,0.6)"
"22-8","15-1",0,"[0,2.22e-16)"
"22-9","15-1",0.00266667,"[2.22e-16,0.2)"
"22-10","15-1",0.15555556,"[2.22e-16,0.2)"
"22-11","15-1",0.3,"[0.2,0.4)"
"28-1","15-1",2.5,"[1,Inf)"
"28-2","15-1",10,"[1,Inf)"
"28-3","15-1",0.23333333,"[0.2,0.4)"
"28-4","15-1",1.28571429,"[1,Inf)"
"28-5","15-1",0.032,"[2.22e-16,0.2)"
"28-6","15-1",0.68,"[0.6,0.8)"
"28-7","15-1",0.13,"[2.22e-16,0.2)"
"28-8","15-1",0.13333333,"[2.22e-16,0.2)"
"28-9","15-1",0.58333333,"[0.4,0.6)"
"28-10","15-1",0.02133333,"[2.22e-16,0.2)"
"28-11","15-1",0.2,"[0.2,0.4)"
"8-1","15-2",0,"[0,2.22e-16)"
"8-2","15-2",0,"[0,2.22e-16)"
"8-3","15-2",0,"[0,2.22e-16)"
"8-4","15-2",0,"[0,2.22e-16)"
"8-5","15-2",0,"[0,2.22e-16)"
"8-6","15-2",0,"[0,2.22e-16)"
"8-7","15-2",0,"[0,2.22e-16)"
"8-8","15-2",0,"[0,2.22e-16)"
"8-9","15-2",0,"[0,2.22e-16)"
"8-10","15-2",0,"[0,2.22e-16)"
"8-11","15-2",0,"[0,2.22e-16)"
"15-1","15-2",0,"[0,2.22e-16)"
"15-2","15-2",0,"[0,2.22e-16)"
"15-3","15-2",0.01333333,"[2.22e-16,0.2)"
"15-4","15-2",0.3,"[0.2,0.4)"
"15-5","15-2",0.33333333,"[0.2,0.4)"
"15-6","15-2",0.025,"[2.22e-16,0.2)"
"15-7","15-2",0.01333333,"[2.22e-16,0.2)"
"15-8","15-2",0,"[0,2.22e-16)"
"15-9","15-2",0,"[0,2.22e-16)"
"15-10","15-2",0.0032,"[2.22e-16,0.2)"
"15-11","15-2",1,"[1,Inf)"
"22-1","15-2",0.2,"[0.2,0.4)"
"22-2","15-2",0.13333333,"[2.22e-16,0.2)"
"22-3","15-2",0.2,"[0.2,0.4)"
"22-4","15-2",0,"[0,2.22e-16)"
"22-5","15-2",0,"[0,2.22e-16)"
"22-6","15-2",0,"[0,2.22e-16)"
"22-7","15-2",0.12727273,"[2.22e-16,0.2)"
"22-8","15-2",0.00133333,"[2.22e-16,0.2)"
"22-9","15-2",0.00133333,"[2.22e-16,0.2)"
"22-10","15-2",0.03555556,"[2.22e-16,0.2)"
"22-11","15-2",0.06,"[2.22e-16,0.2)"
"28-1","15-2",0.5,"[0.4,0.6)"
"28-2","15-2",2.33333333,"[1,Inf)"
"28-3","15-2",0.83333333,"[0.8,1)"
"28-4","15-2",0.85714286,"[0.8,1)"
"28-5","15-2",0.048,"[2.22e-16,0.2)"
"28-6","15-2",0.44,"[0.4,0.6)"
"28-7","15-2",0.09,"[2.22e-16,0.2)"
"28-8","15-2",0.00622222,"[2.22e-16,0.2)"
"28-9","15-2",0.16666667,"[2.22e-16,0.2)"
"28-10","15-2",0.01466667,"[2.22e-16,0.2)"
"28-11","15-2",0.24,"[0.2,0.4)"
"8-1","15-3",0,"[0,2.22e-16)"
"8-2","15-3",0,"[0,2.22e-16)"
"8-3","15-3",0,"[0,2.22e-16)"
"8-4","15-3",0,"[0,2.22e-16)"
"8-5","15-3",0,"[0,2.22e-16)"
"8-6","15-3",0,"[0,2.22e-16)"
"8-7","15-3",0,"[0,2.22e-16)"
"8-8","15-3",0,"[0,2.22e-16)"
"8-9","15-3",0,"[0,2.22e-16)"
"8-10","15-3",0,"[0,2.22e-16)"
"8-11","15-3",0,"[0,2.22e-16)"
"15-1","15-3",0,"[0,2.22e-16)"
"15-2","15-3",0,"[0,2.22e-16)"
"15-3","15-3",0,"[0,2.22e-16)"
"15-4","15-3",0,"[0,2.22e-16)"
"15-5","15-3",0,"[0,2.22e-16)"
"15-6","15-3",0,"[0,2.22e-16)"
"15-7","15-3",0,"[0,2.22e-16)"
"15-8","15-3",0,"[0,2.22e-16)"
"15-9","15-3",0,"[0,2.22e-16)"
"15-10","15-3",0,"[0,2.22e-16)"
"15-11","15-3",0,"[0,2.22e-16)"
"22-1","15-3",0.04666667,"[2.22e-16,0.2)"
"22-2","15-3",0,"[0,2.22e-16)"
"22-3","15-3",0.3,"[0.2,0.4)"
"22-4","15-3",0.072,"[2.22e-16,0.2)"
"22-5","15-3",0.17142857,"[2.22e-16,0.2)"
"22-6","15-3",0.02,"[2.22e-16,0.2)"
"22-7","15-3",0.29090909,"[0.2,0.4)"
"22-8","15-3",0,"[0,2.22e-16)"
"22-9","15-3",0.00466667,"[2.22e-16,0.2)"
"22-10","15-3",0.11111111,"[2.22e-16,0.2)"
"22-11","15-3",0.3,"[0.2,0.4)"
"28-1","15-3",0,"[0,2.22e-16)"
"28-2","15-3",0,"[0,2.22e-16)"
"28-3","15-3",0,"[0,2.22e-16)"
"28-4","15-3",0,"[0,2.22e-16)"
"28-5","15-3",0,"[0,2.22e-16)"
"28-6","15-3",0,"[0,2.22e-16)"
"28-7","15-3",0.012,"[2.22e-16,0.2)"
"28-8","15-3",0.00622222,"[2.22e-16,0.2)"
"28-9","15-3",0.1,"[2.22e-16,0.2)"
"28-10","15-3",0.008,"[2.22e-16,0.2)"
"28-11","15-3",0.072,"[2.22e-16,0.2)"
"8-1","15-4",0,"[0,2.22e-16)"
"8-2","15-4",0,"[0,2.22e-16)"
"8-3","15-4",0,"[0,2.22e-16)"
"8-4","15-4",0,"[0,2.22e-16)"
"8-5","15-4",0,"[0,2.22e-16)"
"8-6","15-4",0,"[0,2.22e-16)"
"8-7","15-4",0,"[0,2.22e-16)"
"8-8","15-4",0,"[0,2.22e-16)"
"8-9","15-4",0,"[0,2.22e-16)"
"8-10","15-4",0,"[0,2.22e-16)"
"8-11","15-4",0,"[0,2.22e-16)"
"15-1","15-4",0,"[0,2.22e-16)"
"15-2","15-4",0,"[0,2.22e-16)"
"15-3","15-4",0,"[0,2.22e-16)"
"15-4","15-4",0.2,"[0.2,0.4)"
"15-5","15-4",0,"[0,2.22e-16)"
"15-6","15-4",0,"[0,2.22e-16)"
"15-7","15-4",0,"[0,2.22e-16)"
"15-8","15-4",0,"[0,2.22e-16)"
"15-9","15-4",0.0032,"[2.22e-16,0.2)"
"15-10","15-4",0.0032,"[2.22e-16,0.2)"
"15-11","15-4",0.5,"[0.4,0.6)"
"22-1","15-4",0,"[0,2.22e-16)"
"22-2","15-4",0,"[0,2.22e-16)"
"22-3","15-4",0.25,"[0.2,0.4)"
"22-4","15-4",0.024,"[2.22e-16,0.2)"
"22-5","15-4",0,"[0,2.22e-16)"
"22-6","15-4",0,"[0,2.22e-16)"
"22-7","15-4",0.10909091,"[2.22e-16,0.2)"
"22-8","15-4",0,"[0,2.22e-16)"
"22-9","15-4",0,"[0,2.22e-16)"
"22-10","15-4",0.02666667,"[2.22e-16,0.2)"
"22-11","15-4",0.05,"[2.22e-16,0.2)"
"28-1","15-4",0.41666667,"[0.4,0.6)"
"28-2","15-4",1.66666667,"[1,Inf)"
"28-3","15-4",0.2,"[0.2,0.4)"
"28-4","15-4",1.14285714,"[1,Inf)"
"28-5","15-4",0.0272,"[2.22e-16,0.2)"
"28-6","15-4",0.064,"[2.22e-16,0.2)"
"28-7","15-4",0.024,"[2.22e-16,0.2)"
"28-8","15-4",0.00888889,"[2.22e-16,0.2)"
"28-9","15-4",0.23333333,"[0.2,0.4)"
"28-10","15-4",0.05333333,"[2.22e-16,0.2)"
"28-11","15-4",0.112,"[2.22e-16,0.2)"
"8-1","15-5",0,"[0,2.22e-16)"
"8-2","15-5",0,"[0,2.22e-16)"
"8-3","15-5",0,"[0,2.22e-16)"
"8-4","15-5",0,"[0,2.22e-16)"
"8-5","15-5",0,"[0,2.22e-16)"
"8-6","15-5",0,"[0,2.22e-16)"
"8-7","15-5",0,"[0,2.22e-16)"
"8-8","15-5",0,"[0,2.22e-16)"
"8-9","15-5",0,"[0,2.22e-16)"
"8-10","15-5",0,"[0,2.22e-16)"
"8-11","15-5",0,"[0,2.22e-16)"
"15-1","15-5",0,"[0,2.22e-16)"
"15-2","15-5",0,"[0,2.22e-16)"
"15-3","15-5",0,"[0,2.22e-16)"
"15-4","15-5",0,"[0,2.22e-16)"
"15-5","15-5",0,"[0,2.22e-16)"
"15-6","15-5",0,"[0,2.22e-16)"
"15-7","15-5",0,"[0,2.22e-16)"
"15-8","15-5",0,"[0,2.22e-16)"
"15-9","15-5",0,"[0,2.22e-16)"
"15-10","15-5",0,"[0,2.22e-16)"
"15-11","15-5",0.25,"[0.2,0.4)"
"22-1","15-5",0.04,"[2.22e-16,0.2)"
"22-2","15-5",0,"[0,2.22e-16)"
"22-3","15-5",0.09,"[2.22e-16,0.2)"
"22-4","15-5",0,"[0,2.22e-16)"
"22-5","15-5",0,"[0,2.22e-16)"
"22-6","15-5",0,"[0,2.22e-16)"
"22-7","15-5",0,"[0,2.22e-16)"
"22-8","15-5",0,"[0,2.22e-16)"
"22-9","15-5",0,"[0,2.22e-16)"
"22-10","15-5",0,"[0,2.22e-16)"
"22-11","15-5",0.03,"[2.22e-16,0.2)"
"28-1","15-5",0,"[0,2.22e-16)"
"28-2","15-5",0,"[0,2.22e-16)"
"28-3","15-5",0,"[0,2.22e-16)"
"28-4","15-5",0,"[0,2.22e-16)"
"28-5","15-5",0,"[0,2.22e-16)"
"28-6","15-5",0,"[0,2.22e-16)"
"28-7","15-5",0,"[0,2.22e-16)"
"28-8","15-5",0,"[0,2.22e-16)"
"28-9","15-5",0,"[0,2.22e-16)"
"28-10","15-5",0,"[0,2.22e-16)"
"28-11","15-5",0,"[0,2.22e-16)"
"8-1","15-6",0,"[0,2.22e-16)"
"8-2","15-6",0,"[0,2.22e-16)"
"8-3","15-6",0,"[0,2.22e-16)"
"8-4","15-6",0,"[0,2.22e-16)"
"8-5","15-6",0,"[0,2.22e-16)"
"8-6","15-6",0,"[0,2.22e-16)"
"8-7","15-6",0,"[0,2.22e-16)"
"8-8","15-6",0,"[0,2.22e-16)"
"8-9","15-6",0,"[0,2.22e-16)"
"8-10","15-6",0,"[0,2.22e-16)"
"8-11","15-6",0,"[0,2.22e-16)"
"15-1","15-6",0,"[0,2.22e-16)"
"15-2","15-6",0,"[0,2.22e-16)"
"15-3","15-6",0,"[0,2.22e-16)"
"15-4","15-6",0.3,"[0.2,0.4)"
"15-5","15-6",0.16666667,"[2.22e-16,0.2)"
"15-6","15-6",0.075,"[2.22e-16,0.2)"
"15-7","15-6",0.00666667,"[2.22e-16,0.2)"
"15-8","15-6",0,"[0,2.22e-16)"
"15-9","15-6",0.0016,"[2.22e-16,0.2)"
"15-10","15-6",0,"[0,2.22e-16)"
"15-11","15-6",0,"[0,2.22e-16)"
"22-1","15-6",0.2,"[0.2,0.4)"
"22-2","15-6",0,"[0,2.22e-16)"
"22-3","15-6",0.4,"[0.4,0.6)"
"22-4","15-6",0.2,"[0.2,0.4)"
"22-5","15-6",0,"[0,2.22e-16)"
"22-6","15-6",0.02666667,"[2.22e-16,0.2)"
"22-7","15-6",0.45454545,"[0.4,0.6)"
"22-8","15-6",0,"[0,2.22e-16)"
"22-9","15-6",0,"[0,2.22e-16)"
"22-10","15-6",0.66666667,"[0.6,0.8)"
"22-11","15-6",3.75,"[1,Inf)"
"28-1","15-6",0.41666667,"[0.4,0.6)"
"28-2","15-6",1,"[1,Inf)"
"28-3","15-6",0.58333333,"[0.4,0.6)"
"28-4","15-6",1,"[1,Inf)"
"28-5","15-6",0.04,"[2.22e-16,0.2)"
"28-6","15-6",0.36,"[0.2,0.4)"
"28-7","15-6",0.02,"[2.22e-16,0.2)"
"28-8","15-6",0.01688889,"[2.22e-16,0.2)"
"28-9","15-6",0.16666667,"[2.22e-16,0.2)"
"28-10","15-6",0.03333333,"[2.22e-16,0.2)"
"28-11","15-6",0.08,"[2.22e-16,0.2)"
"8-1","15-7",0,"[0,2.22e-16)"
"8-2","15-7",0,"[0,2.22e-16)"
"8-3","15-7",0,"[0,2.22e-16)"
"8-4","15-7",0,"[0,2.22e-16)"
"8-5","15-7",0,"[0,2.22e-16)"
"8-6","15-7",0,"[0,2.22e-16)"
"8-7","15-7",0,"[0,2.22e-16)"
"8-8","15-7",0,"[0,2.22e-16)"
"8-9","15-7",0,"[0,2.22e-16)"
"8-10","15-7",0,"[0,2.22e-16)"
"8-11","15-7",0,"[0,2.22e-16)"
"15-1","15-7",0,"[0,2.22e-16)"
"15-2","15-7",0,"[0,2.22e-16)"
"15-3","15-7",0,"[0,2.22e-16)"
"15-4","15-7",0,"[0,2.22e-16)"
"15-5","15-7",0,"[0,2.22e-16)"
"15-6","15-7",0,"[0,2.22e-16)"
"15-7","15-7",0,"[0,2.22e-16)"
"15-8","15-7",0,"[0,2.22e-16)"
"15-9","15-7",0.0016,"[2.22e-16,0.2)"
"15-10","15-7",0,"[0,2.22e-16)"
"15-11","15-7",0.5,"[0.4,0.6)"
"22-1","15-7",1.33333333,"[1,Inf)"
"22-2","15-7",0,"[0,2.22e-16)"
"22-3","15-7",0.45,"[0.4,0.6)"
"22-4","15-7",0.32,"[0.2,0.4)"
"22-5","15-7",0.11428571,"[2.22e-16,0.2)"
"22-6","15-7",0.04666667,"[2.22e-16,0.2)"
"22-7","15-7",0.45454545,"[0.4,0.6)"
"22-8","15-7",0,"[0,2.22e-16)"
"22-9","15-7",0.00333333,"[2.22e-16,0.2)"
"22-10","15-7",0.13333333,"[2.22e-16,0.2)"
"22-11","15-7",0.25,"[0.2,0.4)"
"28-1","15-7",0.5,"[0.4,0.6)"
"28-2","15-7",10,"[1,Inf)"
"28-3","15-7",0.83333333,"[0.8,1)"
"28-4","15-7",3.57142857,"[1,Inf)"
"28-5","15-7",0.04,"[2.22e-16,0.2)"
"28-6","15-7",0.36,"[0.2,0.4)"
"28-7","15-7",0.4,"[0.4,0.6)"
"28-8","15-7",0.02666667,"[2.22e-16,0.2)"
"28-9","15-7",0.41666667,"[0.4,0.6)"
"28-10","15-7",0.04,"[2.22e-16,0.2)"
"28-11","15-7",0.12,"[2.22e-16,0.2)"
"8-1","15-8",0,"[0,2.22e-16)"
"8-2","15-8",0,"[0,2.22e-16)"
"8-3","15-8",0,"[0,2.22e-16)"
"8-4","15-8",0,"[0,2.22e-16)"
"8-5","15-8",0,"[0,2.22e-16)"
"8-6","15-8",0,"[0,2.22e-16)"
"8-7","15-8",0,"[0,2.22e-16)"
"8-8","15-8",0,"[0,2.22e-16)"
"8-9","15-8",0,"[0,2.22e-16)"
"8-10","15-8",0,"[0,2.22e-16)"
"8-11","15-8",0,"[0,2.22e-16)"
"15-1","15-8",0,"[0,2.22e-16)"
"15-2","15-8",0,"[0,2.22e-16)"
"15-3","15-8",0.01333333,"[2.22e-16,0.2)"
"15-4","15-8",1.25,"[1,Inf)"
"15-5","15-8",0,"[0,2.22e-16)"
"15-6","15-8",0.05,"[2.22e-16,0.2)"
"15-7","15-8",0,"[0,2.22e-16)"
"15-8","15-8",0,"[0,2.22e-16)"
"15-9","15-8",0.004,"[2.22e-16,0.2)"
"15-10","15-8",0.0032,"[2.22e-16,0.2)"
"15-11","15-8",0.25,"[0.2,0.4)"
"22-1","15-8",0.23333333,"[0.2,0.4)"
"22-2","15-8",0.4,"[0.4,0.6)"
"22-3","15-8",0.12,"[2.22e-16,0.2)"
"22-4","15-8",0.28,"[0.2,0.4)"
"22-5","15-8",0.05714286,"[2.22e-16,0.2)"
"22-6","15-8",0.02,"[2.22e-16,0.2)"
"22-7","15-8",0.36363636,"[0.2,0.4)"
"22-8","15-8",0.00133333,"[2.22e-16,0.2)"
"22-9","15-8",0.002,"[2.22e-16,0.2)"
"22-10","15-8",0.08888889,"[2.22e-16,0.2)"
"22-11","15-8",0.19,"[2.22e-16,0.2)"
"28-1","15-8",0.75,"[0.6,0.8)"
"28-2","15-8",10,"[1,Inf)"
"28-3","15-8",0.41666667,"[0.4,0.6)"
"28-4","15-8",0.71428571,"[0.6,0.8)"
"28-5","15-8",0.04,"[2.22e-16,0.2)"
"28-6","15-8",0.32,"[0.2,0.4)"
"28-7","15-8",0.07,"[2.22e-16,0.2)"
"28-8","15-8",0.02222222,"[2.22e-16,0.2)"
"28-9","15-8",0.33333333,"[0.2,0.4)"
"28-10","15-8",0.04666667,"[2.22e-16,0.2)"
"28-11","15-8",0.52,"[0.4,0.6)"
"8-1","15-9",0,"[0,2.22e-16)"
"8-2","15-9",0,"[0,2.22e-16)"
"8-3","15-9",0,"[0,2.22e-16)"
"8-4","15-9",0,"[0,2.22e-16)"
"8-5","15-9",0,"[0,2.22e-16)"
"8-6","15-9",0,"[0,2.22e-16)"
"8-7","15-9",0,"[0,2.22e-16)"
"8-8","15-9",0,"[0,2.22e-16)"
"8-9","15-9",0,"[0,2.22e-16)"
"8-10","15-9",0,"[0,2.22e-16)"
"8-11","15-9",0,"[0,2.22e-16)"
"15-1","15-9",0,"[0,2.22e-16)"
"15-2","15-9",0,"[0,2.22e-16)"
"15-3","15-9",0,"[0,2.22e-16)"
"15-4","15-9",0.2,"[0.2,0.4)"
"15-5","15-9",0,"[0,2.22e-16)"
"15-6","15-9",0.1,"[2.22e-16,0.2)"
"15-7","15-9",0,"[0,2.22e-16)"
"15-8","15-9",0,"[0,2.22e-16)"
"15-9","15-9",0.0016,"[2.22e-16,0.2)"
"15-10","15-9",0.0016,"[2.22e-16,0.2)"
"15-11","15-9",0,"[0,2.22e-16)"
"22-1","15-9",0.04,"[2.22e-16,0.2)"
"22-2","15-9",0,"[0,2.22e-16)"
"22-3","15-9",0.2,"[0.2,0.4)"
"22-4","15-9",0.032,"[2.22e-16,0.2)"
"22-5","15-9",0.02857143,"[2.22e-16,0.2)"
"22-6","15-9",0.02,"[2.22e-16,0.2)"
"22-7","15-9",0.09090909,"[2.22e-16,0.2)"
"22-8","15-9",0.00133333,"[2.22e-16,0.2)"
"22-9","15-9",0.00266667,"[2.22e-16,0.2)"
"22-10","15-9",0.02666667,"[2.22e-16,0.2)"
"22-11","15-9",0.02,"[2.22e-16,0.2)"
"28-1","15-9",2.08333333,"[1,Inf)"
"28-2","15-9",1.13333333,"[1,Inf)"
"28-3","15-9",0.5,"[0.4,0.6)"
"28-4","15-9",0.31428571,"[0.2,0.4)"
"28-5","15-9",0.0096,"[2.22e-16,0.2)"
"28-6","15-9",0.048,"[2.22e-16,0.2)"
"28-7","15-9",0.012,"[2.22e-16,0.2)"
"28-8","15-9",0.00888889,"[2.22e-16,0.2)"
"28-9","15-9",0.08333333,"[2.22e-16,0.2)"
"28-10","15-9",0.01066667,"[2.22e-16,0.2)"
"28-11","15-9",0.04,"[2.22e-16,0.2)"
"8-1","15-10",0,"[0,2.22e-16)"
"8-2","15-10",0,"[0,2.22e-16)"
"8-3","15-10",0,"[0,2.22e-16)"
"8-4","15-10",0,"[0,2.22e-16)"
"8-5","15-10",0,"[0,2.22e-16)"
"8-6","15-10",0,"[0,2.22e-16)"
"8-7","15-10",0,"[0,2.22e-16)"
"8-8","15-10",0,"[0,2.22e-16)"
"8-9","15-10",0,"[0,2.22e-16)"
"8-10","15-10",0,"[0,2.22e-16)"
"8-11","15-10",0,"[0,2.22e-16)"
"15-1","15-10",0,"[0,2.22e-16)"
"15-2","15-10",0,"[0,2.22e-16)"
"15-3","15-10",0.02,"[2.22e-16,0.2)"
"15-4","15-10",0.4,"[0.4,0.6)"
"15-5","15-10",0.16666667,"[2.22e-16,0.2)"
"15-6","15-10",0.05,"[2.22e-16,0.2)"
"15-7","15-10",0,"[0,2.22e-16)"
"15-8","15-10",0,"[0,2.22e-16)"
"15-9","15-10",0.0016,"[2.22e-16,0.2)"
"15-10","15-10",0.0016,"[2.22e-16,0.2)"
"15-11","15-10",0,"[0,2.22e-16)"
"22-1","15-10",0.05333333,"[2.22e-16,0.2)"
"22-2","15-10",0,"[0,2.22e-16)"
"22-3","15-10",0.25,"[0.2,0.4)"
"22-4","15-10",0.008,"[2.22e-16,0.2)"
"22-5","15-10",0,"[0,2.22e-16)"
"22-6","15-10",0,"[0,2.22e-16)"
"22-7","15-10",0.03636364,"[2.22e-16,0.2)"
"22-8","15-10",0,"[0,2.22e-16)"
"22-9","15-10",0,"[0,2.22e-16)"
"22-10","15-10",0.08888889,"[2.22e-16,0.2)"
"22-11","15-10",0.07,"[2.22e-16,0.2)"
"28-1","15-10",0.33333333,"[0.2,0.4)"
"28-2","15-10",2.66666667,"[1,Inf)"
"28-3","15-10",0.41666667,"[0.4,0.6)"
"28-4","15-10",0.2,"[0.2,0.4)"
"28-5","15-10",0.28,"[0.2,0.4)"
"28-6","15-10",0.2,"[0.2,0.4)"
"28-7","15-10",0.02,"[2.22e-16,0.2)"
"28-8","15-10",0.03111111,"[2.22e-16,0.2)"
"28-9","15-10",0.08333333,"[2.22e-16,0.2)"
"28-10","15-10",0.01466667,"[2.22e-16,0.2)"
"28-11","15-10",0.12,"[2.22e-16,0.2)"
"8-1","8-1",0,"[0,2.22e-16)"
"8-2","8-1",0,"[0,2.22e-16)"
"8-3","8-1",0,"[0,2.22e-16)"
"8-4","8-1",0,"[0,2.22e-16)"
"8-5","8-1",0,"[0,2.22e-16)"
"8-6","8-1",0,"[0,2.22e-16)"
"8-7","8-1",0,"[0,2.22e-16)"
"8-8","8-1",0,"[0,2.22e-16)"
"8-9","8-1",0,"[0,2.22e-16)"
"8-10","8-1",0,"[0,2.22e-16)"
"8-11","8-1",0,"[0,2.22e-16)"
"15-1","8-1",0,"[0,2.22e-16)"
"15-2","8-1",1.75,"[1,Inf)"
"15-3","8-1",0.016,"[2.22e-16,0.2)"
"15-4","8-1",0.6,"[0.6,0.8)"
"15-5","8-1",0.2,"[0.2,0.4)"
"15-6","8-1",0.1,"[2.22e-16,0.2)"
"15-7","8-1",0.013333333,"[2.22e-16,0.2)"
"15-8","8-1",0.04,"[2.22e-16,0.2)"
"15-9","8-1",0.00032,"[2.22e-16,0.2)"
"15-10","8-1",0.0016,"[2.22e-16,0.2)"
"15-11","8-1",0.5,"[0.4,0.6)"
"22-1","8-1",0.714285714,"[0.6,0.8)"
"22-2","8-1",1.333333333,"[1,Inf)"
"22-3","8-1",1.5,"[1,Inf)"
"22-4","8-1",0.466666667,"[0.4,0.6)"
"22-5","8-1",0.333333333,"[0.2,0.4)"
"22-6","8-1",0.12,"[2.22e-16,0.2)"
"22-7","8-1",1.6,"[1,Inf)"
"22-8","8-1",0,"[0,2.22e-16)"
"22-9","8-1",0.000128,"[2.22e-16,0.2)"
"22-10","8-1",0.048,"[2.22e-16,0.2)"
"22-11","8-1",0.777777778,"[0.6,0.8)"
"28-1","8-1",0.75,"[0.6,0.8)"
"28-2","8-1",1,"[1,Inf)"
"28-3","8-1",0.65,"[0.6,0.8)"
"28-4","8-1",0.666666667,"[0.6,0.8)"
"28-5","8-1",0.012,"[2.22e-16,0.2)"
"28-6","8-1",0.1125,"[2.22e-16,0.2)"
"28-7","8-1",0.026666667,"[2.22e-16,0.2)"
"28-8","8-1",0.0032,"[2.22e-16,0.2)"
"28-9","8-1",0.04,"[2.22e-16,0.2)"
"28-10","8-1",0.009142857,"[2.22e-16,0.2)"
"28-11","8-1",0.088,"[2.22e-16,0.2)"
"8-1","8-2",0,"[0,2.22e-16)"
"8-2","8-2",0,"[0,2.22e-16)"
"8-3","8-2",0,"[0,2.22e-16)"
"8-4","8-2",0,"[0,2.22e-16)"
"8-5","8-2",0,"[0,2.22e-16)"
"8-6","8-2",0,"[0,2.22e-16)"
"8-7","8-2",0,"[0,2.22e-16)"
"8-8","8-2",0,"[0,2.22e-16)"
"8-9","8-2",0,"[0,2.22e-16)"
"8-10","8-2",0,"[0,2.22e-16)"
"8-11","8-2",0,"[0,2.22e-16)"
"15-1","8-2",0,"[0,2.22e-16)"
"15-2","8-2",0.33333333,"[0.2,0.4)"
"15-3","8-2",0.02666667,"[2.22e-16,0.2)"
"15-4","8-2",1,"[1,Inf)"
"15-5","8-2",0.16666667,"[2.22e-16,0.2)"
"15-6","8-2",0.1,"[2.22e-16,0.2)"
"15-7","8-2",0,"[0,2.22e-16)"
"15-8","8-2",0.05,"[2.22e-16,0.2)"
"15-9","8-2",0.0032,"[2.22e-16,0.2)"
"15-10","8-2",0.0032,"[2.22e-16,0.2)"
"15-11","8-2",2.5,"[1,Inf)"
"22-1","8-2",0.83333333,"[0.8,1)"
"22-2","8-2",0.33333333,"[0.2,0.4)"
"22-3","8-2",0.4,"[0.4,0.6)"
"22-4","8-2",0.4,"[0.4,0.6)"
"22-5","8-2",0.71428571,"[0.6,0.8)"
"22-6","8-2",0.03333333,"[2.22e-16,0.2)"
"22-7","8-2",0.72727273,"[0.6,0.8)"
"22-8","8-2",0,"[0,2.22e-16)"
"22-9","8-2",0.00066667,"[2.22e-16,0.2)"
"22-10","8-2",0.15555556,"[2.22e-16,0.2)"
"22-11","8-2",0.55,"[0.4,0.6)"
"28-1","8-2",2.08333333,"[1,Inf)"
"28-2","8-2",13.33333333,"[1,Inf)"
"28-3","8-2",1.25,"[1,Inf)"
"28-4","8-2",5,"[1,Inf)"
"28-5","8-2",0.2,"[0.2,0.4)"
"28-6","8-2",0.64,"[0.6,0.8)"
"28-7","8-2",0.75,"[0.6,0.8)"
"28-8","8-2",0.66666667,"[0.6,0.8)"
"28-9","8-2",1.66666667,"[1,Inf)"
"28-10","8-2",0.2,"[0.2,0.4)"
"28-11","8-2",1.4,"[1,Inf)"
"8-1","8-3",0,"[0,2.22e-16)"
"8-2","8-3",0,"[0,2.22e-16)"
"8-3","8-3",0,"[0,2.22e-16)"
"8-4","8-3",0,"[0,2.22e-16)"
"8-5","8-3",0,"[0,2.22e-16)"
"8-6","8-3",0,"[0,2.22e-16)"
"8-7","8-3",0,"[0,2.22e-16)"
"8-8","8-3",0,"[0,2.22e-16)"
"8-9","8-3",0,"[0,2.22e-16)"
"8-10","8-3",0,"[0,2.22e-16)"
"8-11","8-3",0,"[0,2.22e-16)"
"15-1","8-3",0,"[0,2.22e-16)"
"15-2","8-3",0,"[0,2.22e-16)"
"15-3","8-3",0.13333333,"[2.22e-16,0.2)"
"15-4","8-3",0.3,"[0.2,0.4)"
"15-5","8-3",0.5,"[0.4,0.6)"
"15-6","8-3",0.05,"[2.22e-16,0.2)"
"15-7","8-3",0,"[0,2.22e-16)"
"15-8","8-3",0,"[0,2.22e-16)"
"15-9","8-3",0.0056,"[2.22e-16,0.2)"
"15-10","8-3",0.0048,"[2.22e-16,0.2)"
"15-11","8-3",1.25,"[1,Inf)"
"22-1","8-3",0.33333333,"[0.2,0.4)"
"22-2","8-3",0.4,"[0.4,0.6)"
"22-3","8-3",1.25,"[1,Inf)"
"22-4","8-3",0.12,"[2.22e-16,0.2)"
"22-5","8-3",0.14285714,"[2.22e-16,0.2)"
"22-6","8-3",0.08666667,"[2.22e-16,0.2)"
"22-7","8-3",0.54545455,"[0.4,0.6)"
"22-8","8-3",0.00266667,"[2.22e-16,0.2)"
"22-9","8-3",0.00066667,"[2.22e-16,0.2)"
"22-10","8-3",0.28888889,"[0.2,0.4)"
"22-11","8-3",0.4,"[0.4,0.6)"
"28-1","8-3",1,"[1,Inf)"
"28-2","8-3",16.66666667,"[1,Inf)"
"28-3","8-3",1.08333333,"[1,Inf)"
"28-4","8-3",3.57142857,"[1,Inf)"
"28-5","8-3",0.056,"[2.22e-16,0.2)"
"28-6","8-3",5,"[1,Inf)"
"28-7","8-3",0.1,"[2.22e-16,0.2)"
"28-8","8-3",0.17777778,"[2.22e-16,0.2)"
"28-9","8-3",0.91666667,"[0.8,1)"
"28-10","8-3",0.07333333,"[2.22e-16,0.2)"
"28-11","8-3",0.032,"[2.22e-16,0.2)"
"8-1","8-4",0,"[0,2.22e-16)"
"8-2","8-4",0,"[0,2.22e-16)"
"8-3","8-4",0,"[0,2.22e-16)"
"8-4","8-4",0,"[0,2.22e-16)"
"8-5","8-4",0,"[0,2.22e-16)"
"8-6","8-4",0,"[0,2.22e-16)"
"8-7","8-4",0,"[0,2.22e-16)"
"8-8","8-4",0,"[0,2.22e-16)"
"8-9","8-4",0,"[0,2.22e-16)"
"8-10","8-4",0,"[0,2.22e-16)"
"8-11","8-4",0,"[0,2.22e-16)"
"15-1","8-4",0,"[0,2.22e-16)"
"15-2","8-4",0,"[0,2.22e-16)"
"15-3","8-4",0,"[0,2.22e-16)"
"15-4","8-4",0,"[0,2.22e-16)"
"15-5","8-4",0,"[0,2.22e-16)"
"15-6","8-4",0,"[0,2.22e-16)"
"15-7","8-4",0,"[0,2.22e-16)"
"15-8","8-4",0,"[0,2.22e-16)"
"15-9","8-4",0,"[0,2.22e-16)"
"15-10","8-4",0,"[0,2.22e-16)"
"15-11","8-4",0,"[0,2.22e-16)"
"22-1","8-4",0.2,"[0.2,0.4)"
"22-2","8-4",0,"[0,2.22e-16)"
"22-3","8-4",0.16,"[2.22e-16,0.2)"
"22-4","8-4",0.072,"[2.22e-16,0.2)"
"22-5","8-4",0.02857143,"[2.22e-16,0.2)"
"22-6","8-4",0.03333333,"[2.22e-16,0.2)"
"22-7","8-4",0.54545455,"[0.4,0.6)"
"22-8","8-4",0,"[0,2.22e-16)"
"22-9","8-4",0,"[0,2.22e-16)"
"22-10","8-4",0.17777778,"[2.22e-16,0.2)"
"22-11","8-4",0.19,"[2.22e-16,0.2)"
"28-1","8-4",0.66666667,"[0.6,0.8)"
"28-2","8-4",0.8,"[0.8,1)"
"28-3","8-4",0.16666667,"[2.22e-16,0.2)"
"28-4","8-4",0.57142857,"[0.4,0.6)"
"28-5","8-4",0.04,"[2.22e-16,0.2)"
"28-6","8-4",0.32,"[0.2,0.4)"
"28-7","8-4",0.09,"[2.22e-16,0.2)"
"28-8","8-4",0.00977778,"[2.22e-16,0.2)"
"28-9","8-4",0.08333333,"[2.22e-16,0.2)"
"28-10","8-4",0.03333333,"[2.22e-16,0.2)"
"28-11","8-4",0.2,"[0.2,0.4)"
"8-1","8-5",0,"[0,2.22e-16)"
"8-2","8-5",0,"[0,2.22e-16)"
"8-3","8-5",0,"[0,2.22e-16)"
"8-4","8-5",0,"[0,2.22e-16)"
"8-5","8-5",0,"[0,2.22e-16)"
"8-6","8-5",0,"[0,2.22e-16)"
"8-7","8-5",0,"[0,2.22e-16)"
"8-8","8-5",0,"[0,2.22e-16)"
"8-9","8-5",0,"[0,2.22e-16)"
"8-10","8-5",0,"[0,2.22e-16)"
"8-11","8-5",0,"[0,2.22e-16)"
"15-1","8-5",0,"[0,2.22e-16)"
"15-2","8-5",0,"[0,2.22e-16)"
"15-3","8-5",0.03333333,"[2.22e-16,0.2)"
"15-4","8-5",0.4,"[0.4,0.6)"
"15-5","8-5",0.16666667,"[2.22e-16,0.2)"
"15-6","8-5",0.025,"[2.22e-16,0.2)"
"15-7","8-5",0.00666667,"[2.22e-16,0.2)"
"15-8","8-5",0,"[0,2.22e-16)"
"15-9","8-5",0.0016,"[2.22e-16,0.2)"
"15-10","8-5",0.0048,"[2.22e-16,0.2)"
"15-11","8-5",0.5,"[0.4,0.6)"
"22-1","8-5",1.5,"[1,Inf)"
"22-2","8-5",3.33333333,"[1,Inf)"
"22-3","8-5",1.5,"[1,Inf)"
"22-4","8-5",0.4,"[0.4,0.6)"
"22-5","8-5",0.2,"[0.2,0.4)"
"22-6","8-5",0.16666667,"[2.22e-16,0.2)"
"22-7","8-5",0.36363636,"[0.2,0.4)"
"22-8","8-5",0.004,"[2.22e-16,0.2)"
"22-9","8-5",0.01,"[2.22e-16,0.2)"
"22-10","8-5",0.26666667,"[0.2,0.4)"
"22-11","8-5",1.75,"[1,Inf)"
"28-1","8-5",0.91666667,"[0.8,1)"
"28-2","8-5",11.66666667,"[1,Inf)"
"28-3","8-5",0.33333333,"[0.2,0.4)"
"28-4","8-5",0.57142857,"[0.4,0.6)"
"28-5","8-5",0.056,"[2.22e-16,0.2)"
"28-6","8-5",0.2,"[0.2,0.4)"
"28-7","8-5",0.08,"[2.22e-16,0.2)"
"28-8","8-5",0.2,"[0.2,0.4)"
"28-9","8-5",0.91666667,"[0.8,1)"
"28-10","8-5",0.16666667,"[2.22e-16,0.2)"
"28-11","8-5",0.56,"[0.4,0.6)"
"8-1","8-6",0,"[0,2.22e-16)"
"8-2","8-6",0,"[0,2.22e-16)"
"8-3","8-6",0,"[0,2.22e-16)"
"8-4","8-6",0,"[0,2.22e-16)"
"8-5","8-6",0,"[0,2.22e-16)"
"8-6","8-6",0,"[0,2.22e-16)"
"8-7","8-6",0,"[0,2.22e-16)"
"8-8","8-6",0,"[0,2.22e-16)"
"8-9","8-6",0,"[0,2.22e-16)"
"8-10","8-6",0,"[0,2.22e-16)"
"8-11","8-6",0,"[0,2.22e-16)"
"15-1","8-6",0,"[0,2.22e-16)"
"15-2","8-6",0.08333333,"[2.22e-16,0.2)"
"15-3","8-6",0.03333333,"[2.22e-16,0.2)"
"15-4","8-6",0.15,"[2.22e-16,0.2)"
"15-5","8-6",0,"[0,2.22e-16)"
"15-6","8-6",0,"[0,2.22e-16)"
"15-7","8-6",0.00666667,"[2.22e-16,0.2)"
"15-8","8-6",0,"[0,2.22e-16)"
"15-9","8-6",0.0032,"[2.22e-16,0.2)"
"15-10","8-6",0.0032,"[2.22e-16,0.2)"
"15-11","8-6",0.25,"[0.2,0.4)"
"22-1","8-6",1.33333333,"[1,Inf)"
"22-2","8-6",0.53333333,"[0.4,0.6)"
"22-3","8-6",1.25,"[1,Inf)"
"22-4","8-6",0.4,"[0.4,0.6)"
"22-5","8-6",0.17142857,"[2.22e-16,0.2)"
"22-6","8-6",0.05333333,"[2.22e-16,0.2)"
"22-7","8-6",1.18181818,"[1,Inf)"
"22-8","8-6",0,"[0,2.22e-16)"
"22-9","8-6",0.004,"[2.22e-16,0.2)"
"22-10","8-6",0.55555556,"[0.4,0.6)"
"22-11","8-6",0.25,"[0.2,0.4)"
"28-1","8-6",2.08333333,"[1,Inf)"
"28-2","8-6",16.66666667,"[1,Inf)"
"28-3","8-6",0.66666667,"[0.6,0.8)"
"28-4","8-6",1.57142857,"[1,Inf)"
"28-5","8-6",0.0304,"[2.22e-16,0.2)"
"28-6","8-6",0.4,"[0.4,0.6)"
"28-7","8-6",0.12,"[2.22e-16,0.2)"
"28-8","8-6",0.22222222,"[0.2,0.4)"
"28-9","8-6",0.13333333,"[2.22e-16,0.2)"
"28-10","8-6",0.05333333,"[2.22e-16,0.2)"
"28-11","8-6",0.36,"[0.2,0.4)"
"8-1","8-7",0,"[0,2.22e-16)"
"8-2","8-7",0,"[0,2.22e-16)"
"8-3","8-7",0,"[0,2.22e-16)"
"8-4","8-7",0,"[0,2.22e-16)"
"8-5","8-7",0,"[0,2.22e-16)"
"8-6","8-7",0,"[0,2.22e-16)"
"8-7","8-7",0,"[0,2.22e-16)"
"8-8","8-7",0,"[0,2.22e-16)"
"8-9","8-7",0,"[0,2.22e-16)"
"8-10","8-7",0,"[0,2.22e-16)"
"8-11","8-7",0,"[0,2.22e-16)"
"15-1","8-7",0,"[0,2.22e-16)"
"15-2","8-7",0,"[0,2.22e-16)"
"15-3","8-7",0.1,"[2.22e-16,0.2)"
"15-4","8-7",0.75,"[0.6,0.8)"
"15-5","8-7",0.5,"[0.4,0.6)"
"15-6","8-7",0.25,"[0.2,0.4)"
"15-7","8-7",0.02,"[2.22e-16,0.2)"
"15-8","8-7",0.05,"[2.22e-16,0.2)"
"15-9","8-7",0.0024,"[2.22e-16,0.2)"
"15-10","8-7",0.0048,"[2.22e-16,0.2)"
"15-11","8-7",0.25,"[0.2,0.4)"
"22-1","8-7",1,"[1,Inf)"
"22-2","8-7",0.2,"[0.2,0.4)"
"22-3","8-7",1.25,"[1,Inf)"
"22-4","8-7",0.32,"[0.2,0.4)"
"22-5","8-7",0.14285714,"[2.22e-16,0.2)"
"22-6","8-7",0.13333333,"[2.22e-16,0.2)"
"22-7","8-7",1.09090909,"[1,Inf)"
"22-8","8-7",0.00266667,"[2.22e-16,0.2)"
"22-9","8-7",0.002,"[2.22e-16,0.2)"
"22-10","8-7",0.55555556,"[0.4,0.6)"
"22-11","8-7",0.75,"[0.6,0.8)"
"28-1","8-7",2.08333333,"[1,Inf)"
"28-2","8-7",6.66666667,"[1,Inf)"
"28-3","8-7",1.33333333,"[1,Inf)"
"28-4","8-7",5.71428571,"[1,Inf)"
"28-5","8-7",0.04,"[2.22e-16,0.2)"
"28-6","8-7",0.56,"[0.4,0.6)"
"28-7","8-7",0.35,"[0.2,0.4)"
"28-8","8-7",0.08444444,"[2.22e-16,0.2)"
"28-9","8-7",1.58333333,"[1,Inf)"
"28-10","8-7",0.08,"[2.22e-16,0.2)"
"28-11","8-7",0.4,"[0.4,0.6)"
"8-1","8-8",0,"[0,2.22e-16)"
"8-2","8-8",0,"[0,2.22e-16)"
"8-3","8-8",0,"[0,2.22e-16)"
"8-4","8-8",0,"[0,2.22e-16)"
"8-5","8-8",0,"[0,2.22e-16)"
"8-6","8-8",0,"[0,2.22e-16)"
"8-7","8-8",0,"[0,2.22e-16)"
"8-8","8-8",0,"[0,2.22e-16)"
"8-9","8-8",0,"[0,2.22e-16)"
"8-10","8-8",0,"[0,2.22e-16)"
"8-11","8-8",0,"[0,2.22e-16)"
"15-1","8-8",0.00133333,"[2.22e-16,0.2)"
"15-2","8-8",0.33333333,"[0.2,0.4)"
"15-3","8-8",0.04666667,"[2.22e-16,0.2)"
"15-4","8-8",0.65,"[0.6,0.8)"
"15-5","8-8",0,"[0,2.22e-16)"
"15-6","8-8",0.025,"[2.22e-16,0.2)"
"15-7","8-8",0,"[0,2.22e-16)"
"15-8","8-8",0,"[0,2.22e-16)"
"15-9","8-8",0.0016,"[2.22e-16,0.2)"
"15-10","8-8",0,"[0,2.22e-16)"
"15-11","8-8",0.25,"[0.2,0.4)"
"22-1","8-8",1.33333333,"[1,Inf)"
"22-2","8-8",0.33333333,"[0.2,0.4)"
"22-3","8-8",1.5,"[1,Inf)"
"22-4","8-8",0.32,"[0.2,0.4)"
"22-5","8-8",0.25714286,"[0.2,0.4)"
"22-6","8-8",0.02666667,"[2.22e-16,0.2)"
"22-7","8-8",0.36363636,"[0.2,0.4)"
"22-8","8-8",0,"[0,2.22e-16)"
"22-9","8-8",0,"[0,2.22e-16)"
"22-10","8-8",0,"[0,2.22e-16)"
"22-11","8-8",0,"[0,2.22e-16)"
"28-1","8-8",2.5,"[1,Inf)"
"28-2","8-8",15,"[1,Inf)"
"28-3","8-8",2.08333333,"[1,Inf)"
"28-4","8-8",0.85714286,"[0.8,1)"
"28-5","8-8",0.048,"[2.22e-16,0.2)"
"28-6","8-8",0.6,"[0.6,0.8)"
"28-7","8-8",0.1,"[2.22e-16,0.2)"
"28-8","8-8",0.03555556,"[2.22e-16,0.2)"
"28-9","8-8",0.5,"[0.4,0.6)"
"28-10","8-8",0.05333333,"[2.22e-16,0.2)"
"28-11","8-8",0.32,"[0.2,0.4)"
"8-1","8-9",0,"[0,2.22e-16)"
"8-2","8-9",0,"[0,2.22e-16)"
"8-3","8-9",0,"[0,2.22e-16)"
"8-4","8-9",0,"[0,2.22e-16)"
"8-5","8-9",0,"[0,2.22e-16)"
"8-6","8-9",0,"[0,2.22e-16)"
"8-7","8-9",0,"[0,2.22e-16)"
"8-8","8-9",0,"[0,2.22e-16)"
"8-9","8-9",0,"[0,2.22e-16)"
"8-10","8-9",0,"[0,2.22e-16)"
"8-11","8-9",0,"[0,2.22e-16)"
"15-1","8-9",0,"[0,2.22e-16)"
"15-2","8-9",0,"[0,2.22e-16)"
"15-3","8-9",0.00666667,"[2.22e-16,0.2)"
"15-4","8-9",0.15,"[2.22e-16,0.2)"
"15-5","8-9",0.16666667,"[2.22e-16,0.2)"
"15-6","8-9",0.025,"[2.22e-16,0.2)"
"15-7","8-9",0.01333333,"[2.22e-16,0.2)"
"15-8","8-9",0,"[0,2.22e-16)"
"15-9","8-9",0,"[0,2.22e-16)"
"15-10","8-9",0.0016,"[2.22e-16,0.2)"
"15-11","8-9",0,"[0,2.22e-16)"
"22-1","8-9",4.16666667,"[1,Inf)"
"22-2","8-9",0.53333333,"[0.4,0.6)"
"22-3","8-9",0.85,"[0.8,1)"
"22-4","8-9",0.28,"[0.2,0.4)"
"22-5","8-9",0.28571429,"[0.2,0.4)"
"22-6","8-9",0.1,"[2.22e-16,0.2)"
"22-7","8-9",0.81818182,"[0.8,1)"
"22-8","8-9",0.004,"[2.22e-16,0.2)"
"22-9","8-9",0.00333333,"[2.22e-16,0.2)"
"22-10","8-9",2.22222222,"[1,Inf)"
"22-11","8-9",0.55,"[0.4,0.6)"
"28-1","8-9",1,"[1,Inf)"
"28-2","8-9",11.66666667,"[1,Inf)"
"28-3","8-9",0.83333333,"[0.8,1)"
"28-4","8-9",1.71428571,"[1,Inf)"
"28-5","8-9",0.16,"[2.22e-16,0.2)"
"28-6","8-9",0.48,"[0.4,0.6)"
"28-7","8-9",1,"[1,Inf)"
"28-8","8-9",0.2,"[0.2,0.4)"
"28-9","8-9",0.5,"[0.4,0.6)"
"28-10","8-9",0.02666667,"[2.22e-16,0.2)"
"28-11","8-9",0.8,"[0.8,1)"
"8-1","8-10",0,"[0,2.22e-16)"
"8-2","8-10",0,"[0,2.22e-16)"
"8-3","8-10",0,"[0,2.22e-16)"
"8-4","8-10",0,"[0,2.22e-16)"
"8-5","8-10",0,"[0,2.22e-16)"
"8-6","8-10",0,"[0,2.22e-16)"
"8-7","8-10",0,"[0,2.22e-16)"
"8-8","8-10",0,"[0,2.22e-16)"
"8-9","8-10",0,"[0,2.22e-16)"
"8-10","8-10",0,"[0,2.22e-16)"
"8-11","8-10",0,"[0,2.22e-16)"
"15-1","8-10",0,"[0,2.22e-16)"
"15-2","8-10",0,"[0,2.22e-16)"
"15-3","8-10",0.02666667,"[2.22e-16,0.2)"
"15-4","8-10",0.55,"[0.4,0.6)"
"15-5","8-10",0,"[0,2.22e-16)"
"15-6","8-10",0.1,"[2.22e-16,0.2)"
"15-7","8-10",0.01333333,"[2.22e-16,0.2)"
"15-8","8-10",0,"[0,2.22e-16)"
"15-9","8-10",0.0024,"[2.22e-16,0.2)"
"15-10","8-10",0.0128,"[2.22e-16,0.2)"
"15-11","8-10",1.5,"[1,Inf)"
"22-1","8-10",1.16666667,"[1,Inf)"
"22-2","8-10",0.46666667,"[0.4,0.6)"
"22-3","8-10",1.5,"[1,Inf)"
"22-4","8-10",1,"[1,Inf)"
"22-5","8-10",0.17142857,"[2.22e-16,0.2)"
"22-6","8-10",0.05333333,"[2.22e-16,0.2)"
"22-7","8-10",0.63636364,"[0.6,0.8)"
"22-8","8-10",0.00533333,"[2.22e-16,0.2)"
"22-9","8-10",0.01333333,"[2.22e-16,0.2)"
"22-10","8-10",0.77777778,"[0.6,0.8)"
"22-11","8-10",1.25,"[1,Inf)"
"28-1","8-10",2.08333333,"[1,Inf)"
"28-2","8-10",15,"[1,Inf)"
"28-3","8-10",1.66666667,"[1,Inf)"
"28-4","8-10",3.57142857,"[1,Inf)"
"28-5","8-10",0.8,"[0.8,1)"
"28-6","8-10",5,"[1,Inf)"
"28-7","8-10",1,"[1,Inf)"
"28-8","8-10",0.11111111,"[2.22e-16,0.2)"
"28-9","8-10",0.33333333,"[0.2,0.4)"
"28-10","8-10",0.16666667,"[2.22e-16,0.2)"
"28-11","8-10",1.2,"[1,Inf)"
"phage_an","bac_an",1,"[1,Inf)"
"8-1","bac_an",1,"[1,Inf)"
"8-2","bac_an",1,"[1,Inf)"
"8-3","bac_an",1,"[1,Inf)"
"8-4","bac_an",1,"[1,Inf)"
"8-5","bac_an",1,"[1,Inf)"
"8-6","bac_an",1,"[1,Inf)"
"8-7","bac_an",1,"[1,Inf)"
"8-8","bac_an",1,"[1,Inf)"
"8-9","bac_an",1,"[1,Inf)"
"8-10","bac_an",1,"[1,Inf)"
"8-11","bac_an",1,"[1,Inf)"
"15-1","bac_an",1,"[1,Inf)"
"15-2","bac_an",1,"[1,Inf)"
"15-3","bac_an",1,"[1,Inf)"
"15-4","bac_an",1,"[1,Inf)"
"15-5","bac_an",1,"[1,Inf)"
"15-6","bac_an",1,"[1,Inf)"
"15-7","bac_an",1,"[1,Inf)"
"15-8","bac_an",1,"[1,Inf)"
"15-9","bac_an",1,"[1,Inf)"
"15-10","bac_an",1,"[1,Inf)"
"15-11","bac_an",1,"[1,Inf)"
"22-1","bac_an",1,"[1,Inf)"
"22-2","bac_an",1,"[1,Inf)"
"22-3","bac_an",1,"[1,Inf)"
"22-4","bac_an",1,"[1,Inf)"
"22-5","bac_an",1,"[1,Inf)"
"22-6","bac_an",1,"[1,Inf)"
"22-7","bac_an",1,"[1,Inf)"
"22-8","bac_an",1,"[1,Inf)"
"22-9","bac_an",1,"[1,Inf)"
"22-10","bac_an",1,"[1,Inf)"
"22-11","bac_an",1,"[1,Inf)"
"28-1","bac_an",1,"[1,Inf)"
"28-2","bac_an",1,"[1,Inf)"
"28-3","bac_an",1,"[1,Inf)"
"28-4","bac_an",1,"[1,Inf)"
"28-5","bac_an",1,"[1,Inf)"
"28-6","bac_an",1,"[1,Inf)"
"28-7","bac_an",1,"[1,Inf)"
"28-8","bac_an",1,"[1,Inf)"
"28-9","bac_an",1,"[1,Inf)"
"28-10","bac_an",1,"[1,Inf)"
"28-11","bac_an",1,"[1,Inf)"
"phage_an","37-10",0,"[0,2.22e-16)"
"phage_an","37-9",0,"[0,2.22e-16)"
"phage_an","37-8",0,"[0,2.22e-16)"
"phage_an","37-7",0,"[0,2.22e-16)"
"phage_an","37-6",0,"[0,2.22e-16)"
"phage_an","37-5",0,"[0,2.22e-16)"
"phage_an","37-4",0,"[0,2.22e-16)"
"phage_an","37-3",0,"[0,2.22e-16)"
"phage_an","37-2",0,"[0,2.22e-16)"
"phage_an","37-1",0,"[0,2.22e-16)"
"phage_an","28-10",0,"[0,2.22e-16)"
"phage_an","28-9",0,"[0,2.22e-16)"
"phage_an","28-8",0,"[0,2.22e-16)"
"phage_an","28-7",0,"[0,2.22e-16)"
"phage_an","28-6",0,"[0,2.22e-16)"
"phage_an","28-5",0,"[0,2.22e-16)"
"phage_an","28-4",0,"[0,2.22e-16)"
"phage_an","28-3",0,"[0,2.22e-16)"
"phage_an","28-2",0,"[0,2.22e-16)"
"phage_an","28-1",0,"[0,2.22e-16)"
"phage_an","22-10",0,"[0,2.22e-16)"
"phage_an","22-9",0,"[0,2.22e-16)"
"phage_an","22-8",0,"[0,2.22e-16)"
"phage_an","22-7",0,"[0,2.22e-16)"
"phage_an","22-6",0,"[0,2.22e-16)"
"phage_an","22-5",0,"[0,2.22e-16)"
"phage_an","22-4",0,"[0,2.22e-16)"
"phage_an","22-3",0,"[0,2.22e-16)"
"phage_an","22-2",0,"[0,2.22e-16)"
"phage_an","22-1",0,"[0,2.22e-16)"
"phage_an","15-10",0,"[0,2.22e-16)"
"phage_an","15-9",0,"[0,2.22e-16)"
"phage_an","15-8",0,"[0,2.22e-16)"
"phage_an","15-7",0,"[0,2.22e-16)"
"phage_an","15-6",0,"[0,2.22e-16)"
"phage_an","15-5",0,"[0,2.22e-16)"
"phage_an","15-4",0,"[0,2.22e-16)"
"phage_an","15-3",0,"[0,2.22e-16)"
"phage_an","15-2",0,"[0,2.22e-16)"
"phage_an","15-1",0,"[0,2.22e-16)"
"phage_an","8-10",0,"[0,2.22e-16)"
"phage_an","8-9",0,"[0,2.22e-16)"
"phage_an","8-8",0,"[0,2.22e-16)"
"phage_an","8-7",0,"[0,2.22e-16)"
"phage_an","8-6",0,"[0,2.22e-16)"
"phage_an","8-5",0,"[0,2.22e-16)"
"phage_an","8-4",0,"[0,2.22e-16)"
"phage_an","8-3",0,"[0,2.22e-16)"
"phage_an","8-2",0,"[0,2.22e-16)"
"phage_an","8-1",0,"[0,2.22e-16)"
